image_filename,label_id,x,y,w,h,confidence
00188e7dd3274f83.jpg,14,94,76,646,363,0.8327
003978ce2b9369e0.jpg,12,484,802,403,537,0.9795
004adfc9dd137717.jpg,21,1804,867,284,250,0.7362
004adfc9dd137717.jpg,3,459,510,1137,473,0.9312
007b5e6a5b3472e6.jpg,22,1836,956,187,163,0.3792
007b5e6a5b3472e6.jpg,15,2187,803,544,310,0.5594
007b5e6a5b3472e6.jpg,22,678,1941,837,589,0.5828
007b5e6a5b3472e6.jpg,22,749,1780,397,335,0.731
007b5e6a5b3472e6.jpg,22,1163,2054,481,470,0.8576
007b5e6a5b3472e6.jpg,28,1973,600,1770,537,0.8619
0105a18a5d15ab55.jpg,28,1488,1686,170,228,0.4438
0105a18a5d15ab55.jpg,29,505,981,962,622,0.8236
0105a18a5d15ab55.jpg,14,1368,543,513,348,0.8267
0105a18a5d15ab55.jpg,15,929,487,398,120,0.9249
011a63a69442a657.jpg,7,410,436,377,654,0.5859
0130d09f660dd57d.jpg,4,411,519,207,341,0.6395
01425c42e7d5919b.jpg,8,163,242,728,985,0.7666
0162e1264f627858.jpg,4,228,647,673,433,0.9023
01bbbe754f655aec.jpg,19,93,0,275,232,0.3925
020e9a0f5dc0bc53.jpg,22,450,432,331,224,0.938
023aa9558081409c.jpg,16,69,1300,2930,2116,0.291
023aa9558081409c.jpg,12,65,1315,2930,2093,0.3456
023aa9558081409c.jpg,5,0,0,2587,1624,0.3652
023aa9558081409c.jpg,9,64,1303,2936,2108,0.4435
023ce1428ef66a38.jpg,26,59,607,574,166,0.803
026f6c4d4c9ab8e6.jpg,8,144,439,819,509,0.5156
027a0094a11af31e.jpg,3,709,671,179,173,0.6036
027a0094a11af31e.jpg,14,442,319,789,634,0.6481
027a0094a11af31e.jpg,19,1095,818,188,240,0.6711
027a0094a11af31e.jpg,15,457,320,492,220,0.6861
02cf840a2fc94615.jpg,14,0,443,824,856,0.9378
02dcd7be672f62c6.jpg,19,318,170,243,232,0.9257
02f8b53090fab632.jpg,22,257,169,853,622,0.9607
0310a76f69971fc7.jpg,1,524,1091,54,56,0.7563
0317506de64334aa.jpg,21,417,538,148,192,0.8727
039aed5a21941fc3.jpg,23,464,436,365,499,0.268
039aed5a21941fc3.jpg,33,739,0,368,134,0.4107
039aed5a21941fc3.jpg,12,467,438,362,494,0.7395
03e4d2aa17b7c5ac.jpg,28,982,143,124,118,0.2776
03e4d2aa17b7c5ac.jpg,28,1014,208,66,52,0.3857
03e4d2aa17b7c5ac.jpg,26,293,1025,54,56,0.4351
03e4d2aa17b7c5ac.jpg,26,270,614,150,175,0.4409
03e4d2aa17b7c5ac.jpg,1,267,1312,64,72,0.5073
03e4d2aa17b7c5ac.jpg,26,208,1401,85,69,0.5522
03e4d2aa17b7c5ac.jpg,11,578,572,59,152,0.824
05006f7e0e462229.jpg,1,463,280,173,193,0.4385
05006f7e0e462229.jpg,26,463,280,174,193,0.7628
0555248b3732f1d1.jpg,9,982,425,263,707,0.5507
0555248b3732f1d1.jpg,2,983,425,261,705,0.6594
05871384cbac635f.jpg,26,126,593,55,42,0.2702
05871384cbac635f.jpg,26,117,77,59,63,0.2743
05871384cbac635f.jpg,26,355,1,29,37,0.2901
05871384cbac635f.jpg,28,553,62,107,46,0.3569
05871384cbac635f.jpg,26,1055,0,52,56,0.3673
05871384cbac635f.jpg,26,483,1282,46,59,0.4326
05871384cbac635f.jpg,26,0,529,35,71,0.4383
05871384cbac635f.jpg,26,516,1166,65,65,0.5442
05871384cbac635f.jpg,26,276,285,81,93,0.5598
05871384cbac635f.jpg,26,441,0,84,81,0.5907
05871384cbac635f.jpg,26,887,1314,137,137,0.6056
05871384cbac635f.jpg,26,756,162,45,31,0.6152
05871384cbac635f.jpg,22,578,1214,183,246,0.6334
05871384cbac635f.jpg,26,242,658,73,77,0.644
05871384cbac635f.jpg,26,180,662,51,45,0.7068
05871384cbac635f.jpg,15,184,736,139,96,0.7767
05871384cbac635f.jpg,15,435,54,152,126,0.8572
05871384cbac635f.jpg,15,438,364,621,651,0.9366
05d443964eae9a40.jpg,14,0,0,1280,960,0.9521
05f73ef3e896771c.jpg,1,516,553,130,123,0.8799
061db78291d3b175.jpg,14,379,15,3464,2243,0.9023
06230da872f8f2ca.jpg,26,493,358,357,558,0.8724
0640c6691af375b1.jpg,19,359,0,107,147,0.4347
0640c6691af375b1.jpg,22,792,383,86,127,0.6723
0640c6691af375b1.jpg,22,795,488,201,166,0.8023
0640c6691af375b1.jpg,22,418,433,403,293,0.9307
065d3d677997df63.jpg,1,349,200,157,159,0.9429
0669ab07c045735c.jpg,11,833,485,306,405,0.896
0688d03ffa356852.jpg,27,167,743,995,699,0.6423
068b8b354ddf2dc7.jpg,7,1,259,1106,866,0.7523
06cf289083b5ab15.jpg,21,1180,684,169,194,0.857
07035f2dc0cb8120.jpg,8,184,628,471,578,0.267
07035f2dc0cb8120.jpg,32,183,628,473,578,0.5209
07141b5ec62f6334.jpg,10,376,570,363,93,0.8212
0718b8167a405531.jpg,10,457,670,187,66,0.9571
0723d8bbb5aabac8.jpg,1,664,610,60,61,0.8609
072c0b5e90dc399c.jpg,24,489,371,138,194,0.3768
07501be4e0134eef.jpg,13,370,957,420,256,0.3641
07501be4e0134eef.jpg,13,794,0,313,308,0.4146
07501be4e0134eef.jpg,26,406,622,41,85,0.4217
07501be4e0134eef.jpg,22,338,293,159,328,0.5066
07501be4e0134eef.jpg,26,253,603,175,202,0.5649
07501be4e0134eef.jpg,26,606,467,96,92,0.6161
07501be4e0134eef.jpg,26,250,483,143,101,0.6346
07501be4e0134eef.jpg,26,202,601,133,222,0.69
07501be4e0134eef.jpg,28,322,561,90,85,0.7161
07501be4e0134eef.jpg,26,338,292,158,323,0.7373
07501be4e0134eef.jpg,26,743,691,117,118,0.7833
07501be4e0134eef.jpg,26,610,557,170,272,0.8015
07676eb15d0c0ea9.jpg,14,4,41,4028,2966,0.9406
07e050a650f43a4f.jpg,21,706,1321,212,156,0.7696
07e050a650f43a4f.jpg,15,291,499,477,471,0.8932
0805aec1eeab0a10.jpg,5,380,211,120,755,0.7076
080b93ce9282fb76.jpg,26,1182,356,88,113,0.3696
080b93ce9282fb76.jpg,21,593,947,309,258,0.5317
0815a2da9ee26156.jpg,23,364,478,213,296,0.9821
082d09a1ff48cc0f.jpg,21,511,264,203,167,0.9765
08304d798471c462.jpg,16,588,397,426,178,0.9934
086a0f2ab1a88694.jpg,29,1307,484,1139,889,0.3456
086a0f2ab1a88694.jpg,26,916,104,674,586,0.6857
0896d0631c68e2e2.jpg,7,322,1027,129,117,0.2503
0896d0631c68e2e2.jpg,7,157,1025,296,122,0.3282
0896d0631c68e2e2.jpg,27,471,539,215,201,0.9776
08d06f5d35e8a30d.jpg,15,319,189,383,279,0.7449
08d06f5d35e8a30d.jpg,1,632,1115,132,139,0.9165
08e9a352a02fe272.jpg,22,342,389,467,791,0.9542
08ebf7eadd2f7cc6.jpg,9,217,381,87,86,0.5371
0907ed588d5694c4.jpg,6,595,843,102,367,0.9555
090ed0f73254a7a4.jpg,9,580,898,88,86,0.3824
090ed0f73254a7a4.jpg,9,632,795,95,89,0.3909
090ed0f73254a7a4.jpg,19,580,899,88,85,0.4264
090ed0f73254a7a4.jpg,10,565,882,41,30,0.4989
091072a4d23916de.jpg,12,333,534,440,288,0.9314
091453472a0b0557.jpg,8,244,410,561,721,0.973
094470a9a1b11b17.jpg,20,331,668,228,250,0.4169
097f4ee17879ac92.jpg,30,711,523,252,224,0.6724
097f4ee17879ac92.jpg,29,711,523,252,223,0.6859
09a9f36f448c9132.jpg,5,462,169,195,986,0.8213
09aeabbb47c4c8be.jpg,8,252,299,675,905,0.9928
09bbe24c6ad89ca9.jpg,6,159,145,464,210,0.2851
09bbe24c6ad89ca9.jpg,8,926,2526,535,491,0.2986
09bbe24c6ad89ca9.jpg,8,925,1887,920,1133,0.333
09bbe24c6ad89ca9.jpg,10,2585,1559,154,108,0.3371
09bbe24c6ad89ca9.jpg,8,1830,3765,238,266,0.532
09bbe24c6ad89ca9.jpg,1,2779,1557,225,245,0.7503
09bcca34be6fc9bb.jpg,14,200,338,892,549,0.8757
09cace1d31e5d4de.jpg,1,1250,513,63,52,0.4498
09cace1d31e5d4de.jpg,14,226,170,1131,791,0.8677
09e0fd43e9f13fdf.jpg,6,437,344,277,1057,0.9805
09ef1af67e9bdcbb.jpg,20,392,211,125,124,0.9637
0a0755b293adb3d0.jpg,27,239,493,526,779,0.9794
0a2617fec1226f76.jpg,26,3200,1449,268,246,0.4892
0a2617fec1226f76.jpg,15,288,939,972,381,0.7623
0a2617fec1226f76.jpg,13,1371,973,1110,692,0.8829
0a2617fec1226f76.jpg,13,1869,867,805,768,0.9277
0a2d9000fa7f6072.jpg,10,542,435,63,26,0.7696
0a605106cbb83363.jpg,22,33,327,314,349,0.4676
0a605106cbb83363.jpg,22,1056,0,421,398,0.5302
0a605106cbb83363.jpg,22,0,1,253,609,0.5309
0a605106cbb83363.jpg,15,585,425,374,220,0.8839
0a605106cbb83363.jpg,22,327,170,260,261,0.911
0a89de2ec69da91b.jpg,24,422,154,228,383,0.8296
0a9ae5afd56c1b8e.jpg,22,760,649,227,248,0.4183
0a9ae5afd56c1b8e.jpg,7,834,281,130,97,0.5404
0abedebe011a83c5.jpg,3,509,289,260,244,0.8725
0ac6f75a48c5031a.jpg,22,940,557,2607,1366,0.9814
0b380953405f5c7f.jpg,26,718,1073,229,285,0.2925
0b380953405f5c7f.jpg,13,354,206,363,1212,0.9565
0b6308012d339ac1.jpg,13,433,630,254,112,0.7057
0b79873fba12ba76.jpg,5,324,233,948,484,0.7445
0b79873fba12ba76.jpg,6,325,231,948,487,0.7906
0bcb2edbe59602c6.jpg,19,0,354,1083,874,0.6057
0bcb2edbe59602c6.jpg,26,0,985,220,271,0.6234
0bdac64ac06cb02c.jpg,12,550,638,451,840,0.9134
0bdc0ce35e5c3355.jpg,28,0,847,277,292,0.4196
0bdc0ce35e5c3355.jpg,13,160,670,291,112,0.4746
0c0c0e7d28e7efe5.jpg,15,281,531,373,480,0.9552
0c281dc7d96e3b36.jpg,14,9,0,426,199,0.5527
0c281dc7d96e3b36.jpg,7,281,430,194,101,0.5886
0c281dc7d96e3b36.jpg,30,585,664,86,105,0.6891
0c4203bdeaa29bf2.jpg,3,448,528,870,266,0.8452
0c65b196a01b3339.jpg,10,426,649,245,363,0.9812
0c963aeb95934485.jpg,14,492,433,142,130,0.2848
0c963aeb95934485.jpg,1,594,960,73,61,0.3092
0c963aeb95934485.jpg,14,421,867,47,121,0.4026
0c963aeb95934485.jpg,13,329,341,175,53,0.585
0c963aeb95934485.jpg,15,472,982,44,117,0.871
0cab7c333ec2b55f.jpg,6,300,859,503,240,0.9603
0cabfce7d9c7aa4a.jpg,1,482,606,191,175,0.941
0cac0329821eb4b1.jpg,11,548,390,229,83,0.9107
0cb76ca47438d07d.jpg,12,438,1023,259,256,0.4615
0cb76ca47438d07d.jpg,7,503,337,129,104,0.6801
0cb76ca47438d07d.jpg,27,438,1023,260,255,0.7028
0cfb7e5970cb5bd5.jpg,19,484,166,519,684,0.6208
0d054c206d9841f5.jpg,8,1020,1862,720,795,0.6721
0d6b83c5499fa647.jpg,14,130,175,193,368,0.3714
0d6b83c5499fa647.jpg,7,369,702,270,299,0.5741
0d6b83c5499fa647.jpg,12,439,1076,137,244,0.8752
0d6b83c5499fa647.jpg,7,394,203,523,376,0.9548
0d7dc107ff8a12ab.jpg,26,2531,939,85,105,0.2617
0d7dc107ff8a12ab.jpg,22,1644,2091,117,156,0.4212
0d7dc107ff8a12ab.jpg,22,1866,2382,216,165,0.532
0d7dc107ff8a12ab.jpg,22,203,1538,405,244,0.5552
0d7dc107ff8a12ab.jpg,22,1379,740,161,187,0.8804
0d7dc107ff8a12ab.jpg,25,1855,1484,388,479,0.9124
0d7dc107ff8a12ab.jpg,22,939,2266,454,453,0.9766
0dbfac1059a5f21f.jpg,8,220,362,62,76,0.8231
0dc8d88a8ab19e72.jpg,8,138,294,131,119,0.9018
0dfa02a814537675.jpg,19,238,424,536,421,0.5036
0dfa02a814537675.jpg,8,239,424,538,422,0.7732
0e1c21a45201a2f1.jpg,27,240,311,475,471,0.5599
0e481e75868abd70.jpg,14,115,445,754,586,0.6283
0ee496785c2a4570.jpg,25,1642,1505,772,881,0.5987
0f53d6c7065702fa.jpg,15,274,411,974,265,0.97
0fa12436ee3a2475.jpg,13,309,243,369,323,0.8308
0fa2f2103176382d.jpg,27,432,277,663,578,0.5287
0fb068e07f4ea03c.jpg,17,660,371,83,314,0.6625
0fbfaf40abf2f53a.jpg,12,516,228,141,273,0.4615
0fc5d65d14acfb8b.jpg,22,564,1167,1097,1953,0.9183
0fda4484f489ba10.jpg,19,655,790,160,147,0.2767
0fda4484f489ba10.jpg,1,2231,2128,84,74,0.4659
0fda4484f489ba10.jpg,3,3220,1392,194,277,0.5819
0fda4484f489ba10.jpg,27,2931,2333,206,201,0.7051
0fdbbe8731c5ad3c.jpg,27,1080,387,140,183,0.2516
0fdbbe8731c5ad3c.jpg,26,316,541,68,78,0.3735
0fdbbe8731c5ad3c.jpg,14,403,0,100,68,0.5062
0fdbbe8731c5ad3c.jpg,12,687,634,150,99,0.5544
0fdbbe8731c5ad3c.jpg,22,409,630,295,262,0.6826
0fe4249151e4c727.jpg,19,1163,909,330,315,0.315
0fe4249151e4c727.jpg,22,1809,2443,316,317,0.3339
0fe4249151e4c727.jpg,22,556,3156,151,116,0.3539
0fe4249151e4c727.jpg,22,1016,1888,332,218,0.3702
0fe4249151e4c727.jpg,28,1166,547,910,463,0.4027
0fe4249151e4c727.jpg,28,1809,2441,315,319,0.4551
0fe4249151e4c727.jpg,22,493,2728,237,331,0.6873
10435e118aab9c89.jpg,27,219,444,554,599,0.9299
104561d2be47e1f2.jpg,26,961,185,101,108,0.322
104561d2be47e1f2.jpg,26,641,27,68,110,0.3856
104561d2be47e1f2.jpg,26,946,877,88,120,0.6006
104561d2be47e1f2.jpg,26,323,397,499,495,0.9904
1056dbf89b81c90a.jpg,3,252,158,279,301,0.9646
105e44394fe2ad2e.jpg,5,332,266,345,977,0.3849
105e44394fe2ad2e.jpg,17,335,265,343,979,0.6848
107117d107e1f7b9.jpg,26,287,132,47,34,0.2936
107117d107e1f7b9.jpg,14,377,453,416,458,0.9283
10a45319d44b7d49.jpg,24,240,1366,240,76,0.6532
10a45319d44b7d49.jpg,22,2276,1395,373,459,0.8525
10a45319d44b7d49.jpg,22,1997,1343,332,444,0.8831
10c14788bc452a47.jpg,9,388,269,319,254,0.8616
10d82e6e4ae7cf3f.jpg,2,508,408,486,326,0.2995
10d82e6e4ae7cf3f.jpg,7,925,736,271,281,0.367
10e17e737e3a3d40.jpg,19,531,596,78,60,0.3203
10e17e737e3a3d40.jpg,19,815,784,84,67,0.3665
10e17e737e3a3d40.jpg,29,402,936,94,132,0.3791
10e17e737e3a3d40.jpg,19,484,963,152,134,0.4332
10e17e737e3a3d40.jpg,24,8,1290,154,188,0.5942
10e17e737e3a3d40.jpg,19,624,1135,122,85,0.6851
10e17e737e3a3d40.jpg,19,645,922,151,131,0.7017
10e17e737e3a3d40.jpg,19,189,564,424,117,0.8627
110e654b93c41aee.jpg,7,813,1286,295,191,0.3642
110e654b93c41aee.jpg,14,197,1,911,1256,0.7042
1111e3f3a4a9f169.jpg,26,279,300,114,151,0.2685
1111e3f3a4a9f169.jpg,26,1006,784,62,60,0.2887
1111e3f3a4a9f169.jpg,26,1061,767,58,59,0.2902
1111e3f3a4a9f169.jpg,5,963,213,317,84,0.3995
1111e3f3a4a9f169.jpg,26,869,892,27,41,0.4603
1111e3f3a4a9f169.jpg,3,334,303,870,309,0.9634
11173854bc7c4484.jpg,4,201,355,759,684,0.7495
11214a1aae61c327.jpg,19,622,665,231,70,0.6251
11582e4d97677cc1.jpg,7,294,203,909,903,0.9467
1180b2b20762c8a1.jpg,15,715,313,283,406,0.94
11b29894d30cb848.jpg,26,0,1,266,737,0.4238
11b29894d30cb848.jpg,26,600,121,509,652,0.5257
11b29894d30cb848.jpg,8,173,167,697,831,0.9342
1203e837a6105c94.jpg,14,406,167,639,674,0.7546
123ecf369b03b3f6.jpg,4,191,434,641,698,0.6436
123ecf369b03b3f6.jpg,21,416,532,423,439,0.8871
1270e01c5100d870.jpg,19,0,787,573,441,0.3872
12be6a6b84af9d77.jpg,11,187,415,113,43,0.9657
12ca09dc4c8a04ea.jpg,15,1352,679,1251,862,0.8548
12cce653ecbfbd8d.jpg,2,1827,1954,248,114,0.3215
12cce653ecbfbd8d.jpg,22,108,1586,143,150,0.4274
12cce653ecbfbd8d.jpg,19,1495,1003,455,446,0.5607
12eff77d17da2095.jpg,26,582,250,469,631,0.3999
12eff77d17da2095.jpg,19,582,249,472,631,0.5315
12eff77d17da2095.jpg,8,329,606,318,282,0.8001
12f34a1d5a628faf.jpg,26,593,517,124,170,0.3436
12f34a1d5a628faf.jpg,22,483,146,372,350,0.9567
1300781d5a5ffac3.jpg,22,479,502,280,470,0.4303
13429bb6047cf385.jpg,27,469,229,448,452,0.9318
13ab7dfca20ff22d.jpg,14,133,16,687,526,0.8411
13af755c8c4b2893.jpg,8,557,455,203,436,0.9475
13b561d2730e7612.jpg,33,448,291,220,362,0.9658
13b61067ebbad409.jpg,5,437,385,153,325,0.5824
13c6a49f8be35065.jpg,26,294,343,423,415,0.7188
13c6a49f8be35065.jpg,24,294,344,424,412,0.9402
14399cb99d8c0024.jpg,22,400,654,265,130,0.4588
14399cb99d8c0024.jpg,22,415,542,55,74,0.5127
14399cb99d8c0024.jpg,22,563,516,52,75,0.5487
14399cb99d8c0024.jpg,7,434,858,128,106,0.5817
14399cb99d8c0024.jpg,22,618,672,190,166,0.9122
14399cb99d8c0024.jpg,22,472,523,100,114,0.9294
143fd2dcbb68ff64.jpg,1,1824,138,97,119,0.8165
143fd2dcbb68ff64.jpg,13,645,545,902,346,0.9393
148361bfcd996a6d.jpg,27,232,253,759,468,0.7748
1531f561ae060f39.jpg,7,486,266,216,211,0.6654
1531f561ae060f39.jpg,27,454,752,165,237,0.7055
155e8320574335a6.jpg,13,388,281,279,857,0.3889
1581683b01b7b4bf.jpg,26,209,101,68,54,0.2656
1581e012b9b0faab.jpg,13,368,48,107,283,0.6038
1581e012b9b0faab.jpg,7,329,362,342,603,0.9354
15e7b9dfd76f1450.jpg,3,427,39,276,1120,0.6793
15e8e0b274b36453.jpg,19,1184,800,1954,1358,0.3038
15f282ef722214fa.jpg,25,3666,2431,184,208,0.2986
15f282ef722214fa.jpg,28,2751,33,218,196,0.3471
15f282ef722214fa.jpg,13,2477,859,323,154,0.4086
15f282ef722214fa.jpg,22,3840,2157,185,343,0.6212
15f282ef722214fa.jpg,28,671,905,807,814,0.7389
15f282ef722214fa.jpg,22,2434,1115,311,251,0.8881
15f282ef722214fa.jpg,19,2078,2083,207,218,0.9296
1613894c6842285f.jpg,1,1062,425,46,139,0.314
1613894c6842285f.jpg,30,524,905,329,289,0.3912
1613894c6842285f.jpg,19,523,906,329,288,0.4468
1625ded774346fd2.jpg,26,567,444,87,52,0.2691
166ea829e8ec626f.jpg,14,293,0,1179,1105,0.282
166ea829e8ec626f.jpg,7,797,805,178,302,0.4757
16abd32afa937012.jpg,19,141,424,675,541,0.4009
16abd32afa937012.jpg,13,143,425,673,542,0.4757
16ad145325759f0f.jpg,15,414,356,158,235,0.9049
16e18d95b04fca57.jpg,6,547,470,490,245,0.8436
16f8144f4f6cee30.jpg,19,3779,981,220,800,0.257
16f8144f4f6cee30.jpg,24,274,1930,635,322,0.3105
16f81995d9e359cc.jpg,12,1766,854,612,434,0.7909
16fb14e5b7b1a50e.jpg,7,64,245,707,997,0.9453
1701f074b7426255.jpg,19,387,188,346,502,0.3379
1701f074b7426255.jpg,1,217,564,34,32,0.5522
171bdd9b49fbc23a.jpg,22,420,513,441,443,0.9353
17379362a68561c0.jpg,26,556,781,265,326,0.5526
179d64787c96546f.jpg,21,430,225,299,347,0.6367
17a8609607c32f92.jpg,20,339,248,205,174,0.8371
17aafc5f53bfb87e.jpg,13,4535,1647,141,145,0.653
17aafc5f53bfb87e.jpg,22,1746,2039,762,654,0.7958
17afad9cefd5cf98.jpg,14,451,887,240,220,0.2528
17afad9cefd5cf98.jpg,28,492,218,508,145,0.9444
17afad9cefd5cf98.jpg,28,630,340,479,711,0.978
17cb2201548720a0.jpg,10,439,715,140,215,0.5763
17fcb277541bc8ef.jpg,7,73,240,819,1030,0.2501
17fcb277541bc8ef.jpg,4,78,241,814,1020,0.4843
17ff9ee5a935cd0a.jpg,5,315,161,440,1159,0.9134
1814f1c1501ee208.jpg,19,385,339,218,232,0.2522
1814f1c1501ee208.jpg,19,768,1134,340,59,0.3241
1814f1c1501ee208.jpg,26,385,339,218,233,0.3445
184de9337b48cb2d.jpg,28,93,186,83,86,0.2675
187c4fa7b6ed1e03.jpg,3,412,913,219,347,0.9052
188d8b06d27e72cd.jpg,26,493,535,175,152,0.8554
18b4e63421678699.jpg,20,1018,31,90,163,0.2535
18b4e63421678699.jpg,9,421,763,172,198,0.384
18b4e63421678699.jpg,9,506,904,107,157,0.4395
18b4e63421678699.jpg,14,996,695,112,533,0.5488
18b4e63421678699.jpg,26,904,64,79,55,0.5727
18b4e63421678699.jpg,22,576,632,236,278,0.8365
18b7c35851d59490.jpg,7,168,352,1309,756,0.752
18b7c35851d59490.jpg,7,0,585,294,439,0.7579
190c687a509922a1.jpg,12,383,417,276,723,0.2999
194546aff1e7e134.jpg,26,452,1336,102,122,0.3631
194546aff1e7e134.jpg,19,149,364,647,503,0.3926
195c0d89bfd84dc2.jpg,28,2767,1469,147,143,0.2804
195c0d89bfd84dc2.jpg,24,1174,44,426,463,0.3083
195c0d89bfd84dc2.jpg,26,2787,1405,208,142,0.3093
195c0d89bfd84dc2.jpg,26,3534,629,115,117,0.313
195c0d89bfd84dc2.jpg,28,1937,1295,159,187,0.3419
195c0d89bfd84dc2.jpg,26,2008,2511,195,245,0.3603
195c0d89bfd84dc2.jpg,26,3222,2608,238,226,0.369
195c0d89bfd84dc2.jpg,27,2008,2511,197,246,0.3773
195c0d89bfd84dc2.jpg,28,1520,476,288,510,0.3912
195c0d89bfd84dc2.jpg,26,2173,2493,167,263,0.4995
195c0d89bfd84dc2.jpg,28,2265,1622,296,226,0.5112
195c0d89bfd84dc2.jpg,13,1715,1411,597,895,0.5586
195c0d89bfd84dc2.jpg,22,2947,813,159,252,0.6194
195c0d89bfd84dc2.jpg,28,376,0,109,142,0.6216
195c0d89bfd84dc2.jpg,28,2787,1239,147,179,0.6416
195c0d89bfd84dc2.jpg,28,2422,1677,410,546,0.8405
195c0d89bfd84dc2.jpg,28,3173,561,390,265,0.8779
19cc28f78ffa3727.jpg,16,834,464,110,116,0.7629
1a0e2d2d8f1ffe18.jpg,13,1471,769,1504,1158,0.9327
1a61d6362ce1a161.jpg,27,250,535,534,504,0.5317
1a6618eb6e8f9685.jpg,12,252,300,588,707,0.2881
1a6618eb6e8f9685.jpg,26,923,404,94,206,0.3569
1a9765541f54705b.jpg,1,431,659,103,102,0.8714
1ade7efbc54d19c7.jpg,31,358,209,204,202,0.5458
1ade7efbc54d19c7.jpg,1,177,246,31,22,0.5563
1ade7efbc54d19c7.jpg,19,358,209,204,204,0.7226
1aedbc5920cf2bb5.jpg,13,3923,518,108,105,0.2603
1aedbc5920cf2bb5.jpg,28,2964,252,125,79,0.2818
1aedbc5920cf2bb5.jpg,7,1937,1585,450,489,0.9533
1b219ab2c6732fc1.jpg,26,208,149,308,208,0.6717
1b63c1f5d16e465e.jpg,12,341,414,186,139,0.4319
1b63c1f5d16e465e.jpg,14,476,567,352,236,0.4479
1b63c1f5d16e465e.jpg,26,635,829,100,75,0.6392
1b805d8b27bd6b33.jpg,1,336,217,158,157,0.9391
1b8df47deb01e708.jpg,8,360,392,301,263,0.5029
1b8df47deb01e708.jpg,23,428,774,307,318,0.9854
1ba4ba16f180181b.jpg,7,471,1336,197,141,0.3067
1ba4ba16f180181b.jpg,10,865,1272,142,123,0.3248
1ba4ba16f180181b.jpg,1,544,831,189,182,0.9312
1be2598693428f5e.jpg,8,303,269,672,896,0.9831
1bf7ffd65f624933.jpg,11,1773,1022,498,204,0.9082
1c0275a3b0c65556.jpg,14,440,125,353,439,0.7196
1c20a70a41403181.jpg,26,271,67,888,641,0.3544
1c5695f70cfade12.jpg,4,759,0,349,420,0.5296
1c6f11706e78ed5e.jpg,19,196,862,99,89,0.269
1c6f11706e78ed5e.jpg,5,321,861,177,68,0.3065
1c6f11706e78ed5e.jpg,1,936,392,91,86,0.8223
1cdd55119c0063ae.jpg,12,412,282,734,491,0.4675
1d096bd807fcf677.jpg,9,336,405,380,822,0.2985
1d096bd807fcf677.jpg,11,337,407,380,821,0.3738
1d096bd807fcf677.jpg,8,336,405,386,823,0.4175
1d0dd67c82063102.jpg,3,974,175,1275,3857,0.3501
1d10469ac949053f.jpg,15,149,341,1080,350,0.9476
1d27c505c5abfdf2.jpg,26,247,1375,134,101,0.2698
1d27c505c5abfdf2.jpg,7,333,0,190,205,0.2872
1d27c505c5abfdf2.jpg,14,103,154,1004,1128,0.4489
1d74473d500a4e0a.jpg,9,703,86,345,741,0.974
1d7e5c7e83934c6a.jpg,10,476,323,199,90,0.9649
1d83a6de0b69223c.jpg,12,339,436,246,455,0.8691
1d9463485b1042f8.jpg,15,1659,960,1010,185,0.8208
1df4d3127ce0096c.jpg,1,531,675,108,108,0.9226
1dfb16ebe00814f0.jpg,14,0,16,739,459,0.7738
1e04d03355707831.jpg,26,587,336,271,273,0.8114
1e133e641f3eb6db.jpg,22,785,1801,246,231,0.2762
1e133e641f3eb6db.jpg,22,2889,1659,111,147,0.2808
1e133e641f3eb6db.jpg,24,2361,0,111,132,0.308
1e133e641f3eb6db.jpg,26,2558,1452,93,80,0.3398
1e133e641f3eb6db.jpg,22,1642,567,145,115,0.3823
1e133e641f3eb6db.jpg,22,1904,2890,133,164,0.4044
1e133e641f3eb6db.jpg,28,1143,1213,579,425,0.5672
1e133e641f3eb6db.jpg,15,1192,2059,166,251,0.8408
1e133e641f3eb6db.jpg,15,629,2234,121,352,0.9074
1e133e641f3eb6db.jpg,22,1412,2652,604,380,0.9673
1e6f2ca37f9ca647.jpg,15,563,445,377,268,0.9068
1e6f2ca37f9ca647.jpg,22,145,796,640,465,0.939
1eb1a4a023a04e84.jpg,4,306,1134,291,285,0.385
1eb1a4a023a04e84.jpg,21,306,1135,291,285,0.7049
1f15df6b4aad63c9.jpg,1,133,600,301,350,0.9405
1f20b175354f3223.jpg,28,250,141,535,691,0.7972
1f5dac7db18c90a6.jpg,2,432,182,261,806,0.3601
1f5dac7db18c90a6.jpg,3,432,182,261,805,0.5025
1f91842d2956d804.jpg,5,445,1005,389,136,0.6463
1f92ea1660bb70e0.jpg,15,1390,1728,261,257,0.6712
1f92ea1660bb70e0.jpg,15,1972,794,186,516,0.7299
1f92ea1660bb70e0.jpg,15,2121,279,555,180,0.7771
1f92ea1660bb70e0.jpg,15,2322,1427,585,329,0.8319
1f92ea1660bb70e0.jpg,15,1026,632,577,239,0.8422
1f92ea1660bb70e0.jpg,15,2689,1244,626,180,0.8663
1fad2c8207986648.jpg,5,560,1127,214,61,0.522
1fad2c8207986648.jpg,27,496,780,82,115,0.7401
1fb7ffd60ad55869.jpg,14,322,391,606,661,0.7288
1fdb01f04e6be077.jpg,5,209,434,694,90,0.7561
2013966c59395d9c.jpg,12,286,290,498,931,0.9446
20aa9340bfa8367f.jpg,4,229,218,594,788,0.8899
20fe2fa51f7e6eed.jpg,1,951,2765,144,165,0.6399
210b6f19ee3739fc.jpg,26,484,888,120,136,0.2683
210b6f19ee3739fc.jpg,22,484,889,120,135,0.3317
210b6f19ee3739fc.jpg,26,557,385,61,55,0.3344
210b6f19ee3739fc.jpg,19,961,367,187,159,0.3525
210b6f19ee3739fc.jpg,29,951,885,234,81,0.3528
210b6f19ee3739fc.jpg,7,808,713,188,150,0.4203
210b6f19ee3739fc.jpg,29,302,169,163,302,0.5099
210b6f19ee3739fc.jpg,26,720,632,88,53,0.5171
210b6f19ee3739fc.jpg,20,1037,986,194,121,0.5209
210b6f19ee3739fc.jpg,22,301,169,164,301,0.5578
210b6f19ee3739fc.jpg,19,1092,419,189,191,0.7866
21215ab337d66c75.jpg,15,471,307,189,835,0.9383
2158241857d7f037.jpg,13,201,770,388,247,0.3395
2158241857d7f037.jpg,13,0,1139,583,140,0.6082
2158241857d7f037.jpg,13,116,708,327,308,0.8507
2158241857d7f037.jpg,13,98,963,419,211,0.9286
2158241857d7f037.jpg,13,523,330,183,460,0.944
21845d6e5b4e34f4.jpg,19,1127,1269,194,153,0.4057
21845d6e5b4e34f4.jpg,28,1589,1056,119,105,0.4666
21845d6e5b4e34f4.jpg,22,2907,1045,327,230,0.4931
21845d6e5b4e34f4.jpg,31,895,1543,553,474,0.688
21845d6e5b4e34f4.jpg,22,676,2585,201,343,0.8219
21845d6e5b4e34f4.jpg,22,2735,798,350,329,0.8834
21845d6e5b4e34f4.jpg,22,3174,681,449,405,0.9155
21845d6e5b4e34f4.jpg,3,1082,1904,399,761,0.959
21bd72cfd37b0902.jpg,6,273,540,387,228,0.39
21bd72cfd37b0902.jpg,19,274,540,386,228,0.5006
21c09c9df09473a0.jpg,19,309,374,284,309,0.9581
21db928576d58897.jpg,14,128,153,663,1040,0.6788
21f2ab428d9a4668.jpg,27,255,556,322,282,0.8434
220102040a7b8484.jpg,12,218,392,537,693,0.9654
2209f040822829e0.jpg,21,655,930,250,191,0.462
2209f040822829e0.jpg,18,272,234,277,1138,0.6127
2209f040822829e0.jpg,1,499,88,91,116,0.6177
223c2899f3f7fddc.jpg,5,437,34,418,668,0.9496
226c0d0138b7815f.jpg,24,70,436,549,486,0.818
227221c666de69a0.jpg,11,941,962,71,43,0.7247
227221c666de69a0.jpg,8,260,488,510,515,0.9377
229172902ea6ae2a.jpg,13,294,130,328,307,0.3321
229172902ea6ae2a.jpg,4,294,130,329,306,0.451
22af32253c62fe45.jpg,24,1269,51,207,127,0.7655
22d21f08342fdc62.jpg,10,545,611,152,213,0.9804
22df931525208174.jpg,9,958,1226,150,193,0.2509
22df931525208174.jpg,27,323,398,395,363,0.288
22df931525208174.jpg,20,322,398,397,363,0.6073
230d4f82bba207e9.jpg,14,1,0,1475,1108,0.9564
2322309c21ed5bf4.jpg,6,153,717,319,135,0.8935
236663ce92e27f62.jpg,27,371,468,488,464,0.3617
239dc2fd1d16323b.jpg,3,326,227,370,1063,0.299
23caf38eca99cc1c.jpg,22,195,969,271,271,0.4926
23caf38eca99cc1c.jpg,28,0,596,145,411,0.5485
23caf38eca99cc1c.jpg,28,0,618,315,660,0.7043
23caf38eca99cc1c.jpg,28,57,0,743,450,0.8556
23caf38eca99cc1c.jpg,28,345,381,615,898,0.9443
23d2807b1d05e5b7.jpg,14,0,67,1107,1394,0.8357
23db4b7282f03114.jpg,26,498,498,214,500,0.9787
23dcbd4c556865e5.jpg,3,348,661,672,307,0.8363
23f4d17083fd9441.jpg,14,0,0,1476,1108,0.9467
24098643d1e51300.jpg,12,620,898,324,527,0.979
240b37aada2e97b0.jpg,26,515,375,137,88,0.5239
240b37aada2e97b0.jpg,13,1174,369,130,233,0.8692
240b545d1e320844.jpg,1,443,342,115,113,0.9134
240b6224ac2d928f.jpg,22,784,289,337,307,0.6821
240b6224ac2d928f.jpg,22,347,377,430,342,0.7888
240b6224ac2d928f.jpg,22,1025,378,203,354,0.8124
240b6224ac2d928f.jpg,22,720,625,309,428,0.8685
241287fc3248977e.jpg,15,198,8,552,1123,0.9621
242eb10e0741509d.jpg,3,462,209,411,391,0.6308
243196a1c98a80c3.jpg,26,541,406,77,58,0.2984
243196a1c98a80c3.jpg,11,709,572,223,99,0.9337
24a1e893c9d27df8.jpg,1,351,649,289,283,0.9432
24a952d7f0671a1b.jpg,24,100,287,399,291,0.3906
24a952d7f0671a1b.jpg,7,101,288,398,290,0.6836
24d642881a80c9c5.jpg,1,665,466,89,89,0.8736
24e1b4e0258dfbba.jpg,15,506,691,149,419,0.3044
24e1b4e0258dfbba.jpg,22,430,470,47,129,0.3499
24e1b4e0258dfbba.jpg,26,906,260,101,164,0.4721
24e1b4e0258dfbba.jpg,28,793,0,298,230,0.5435
24e1b4e0258dfbba.jpg,15,555,448,69,154,0.6144
24e1b4e0258dfbba.jpg,15,551,508,112,211,0.9044
253b5d25ce2413b4.jpg,14,94,1172,342,296,0.3083
253b5d25ce2413b4.jpg,14,276,126,325,325,0.3833
253b5d25ce2413b4.jpg,15,377,1126,228,182,0.4043
253b5d25ce2413b4.jpg,14,266,392,403,622,0.4094
253b5d25ce2413b4.jpg,15,587,598,256,135,0.8584
253b7edaf7fe409b.jpg,3,937,1014,2069,1162,0.643
2561e058972b8df0.jpg,6,435,510,782,310,0.9955
25da7f3410437a48.jpg,5,1013,1512,1373,1230,0.9236
25ef45b101ecada9.jpg,13,678,514,168,143,0.9012
264dd00126d33c00.jpg,13,279,113,356,1062,0.9425
265c34ccc5b99580.jpg,2,422,610,390,228,0.3082
267d7648b6ced8b9.jpg,19,390,673,503,526,0.6046
2692c9503e5ebe48.jpg,15,130,244,1108,686,0.7451
2692c9503e5ebe48.jpg,3,129,246,1113,682,0.7707
2692c9503e5ebe48.jpg,15,164,224,607,215,0.8921
26c0cdcc7bc39bfd.jpg,28,447,164,1338,865,0.5993
26c0cdcc7bc39bfd.jpg,7,0,172,236,580,0.6104
26c0cdcc7bc39bfd.jpg,19,448,164,1333,866,0.7703
26c7c2a639ac3fa4.jpg,21,787,528,334,259,0.252
26c88174d347db7c.jpg,19,200,197,739,1183,0.8367
272f80a962f36b38.jpg,5,239,555,475,429,0.9364
27393e60898c70a4.jpg,22,3004,1052,225,198,0.3254
27393e60898c70a4.jpg,22,2360,371,173,125,0.3643
27393e60898c70a4.jpg,3,1724,211,266,326,0.5589
27393e60898c70a4.jpg,15,1180,1057,1227,1168,0.8655
27393e60898c70a4.jpg,22,2609,1076,575,414,0.9158
275cf57313f55b6c.jpg,12,320,468,163,499,0.3089
275cf57313f55b6c.jpg,3,320,467,162,505,0.6698
275cf57313f55b6c.jpg,15,693,411,238,64,0.8898
276c12dcf4b5ebca.jpg,11,421,819,306,175,0.9612
27a19941d97728df.jpg,9,385,257,314,1215,0.2808
27a19941d97728df.jpg,27,384,257,315,1214,0.3278
27a19941d97728df.jpg,24,385,257,312,1219,0.4195
27a19941d97728df.jpg,14,0,0,578,721,0.541
27a384455459535d.jpg,26,557,153,105,154,0.5149
27a384455459535d.jpg,15,551,341,459,294,0.9247
27b9d98f9acb7c83.jpg,19,518,182,205,284,0.3729
27b9d98f9acb7c83.jpg,26,517,182,206,283,0.5646
27bbebdd50b753a3.jpg,4,103,351,682,720,0.9268
27c41cc6acada301.jpg,7,151,336,373,321,0.3133
27c41cc6acada301.jpg,24,360,204,662,295,0.501
282c82691a5ebe92.jpg,1,740,108,76,89,0.5761
282c82691a5ebe92.jpg,4,151,854,309,333,0.6604
282c82691a5ebe92.jpg,13,648,441,237,249,0.8216
2856f590b1bf10d2.jpg,5,58,190,306,358,0.7934
287173ac81d78072.jpg,7,1703,1211,416,387,0.4894
2887d57f936d9a45.jpg,6,122,390,267,147,0.2598
28c22837b68185e2.jpg,23,344,559,261,389,0.3989
28c22837b68185e2.jpg,12,344,559,261,389,0.4257
290a325c21c03ae6.jpg,14,0,0,711,1477,0.7835
291ac7ef909ace75.jpg,6,2817,1873,458,191,0.2891
291ac7ef909ace75.jpg,7,1810,1555,313,538,0.3217
291ac7ef909ace75.jpg,5,2161,1579,238,177,0.5244
291ac7ef909ace75.jpg,7,1307,1533,450,423,0.5668
291ac7ef909ace75.jpg,1,1112,1606,83,77,0.6946
291ac7ef909ace75.jpg,25,2307,1742,260,238,0.7062
291ac7ef909ace75.jpg,7,1776,746,496,353,0.7354
291ac7ef909ace75.jpg,33,2308,1743,257,235,0.7812
291ac7ef909ace75.jpg,7,2526,1372,451,567,0.839
291ac7ef909ace75.jpg,7,1795,178,436,588,0.859
291ac7ef909ace75.jpg,7,1977,1078,275,237,0.9056
291c5e3c4d94c990.jpg,12,262,298,281,268,0.8998
291c5e3c4d94c990.jpg,4,149,773,204,344,0.9549
29316ac9186c5647.jpg,10,329,736,395,198,0.9347
2945f444a2e0f291.jpg,8,516,370,319,188,0.5944
295fed32c2363d4f.jpg,1,543,699,114,107,0.8799
297743b00f084f7b.jpg,33,1998,1307,485,255,0.3056
2987210a1f69c246.jpg,12,385,594,336,298,0.9621
29b084bb03dc56cb.jpg,14,554,364,336,289,0.5257
29b48d053fdea474.jpg,8,520,732,1981,1711,0.554
29b48d053fdea474.jpg,7,324,222,712,490,0.6264
2a01dd697ac206a2.jpg,14,1,0,1466,969,0.6447
2a01dd697ac206a2.jpg,14,0,0,578,893,0.7295
2a01dd697ac206a2.jpg,14,1104,0,372,216,0.8777
2a05ea6274c9bb03.jpg,26,448,574,236,371,0.7082
2a670f36871c9f39.jpg,26,352,463,378,424,0.8783
2a8bb8eabba7091b.jpg,27,637,138,570,603,0.9095
2ab71f7bea140b8a.jpg,19,1281,1012,380,484,0.5931
2b0eb00af067ae40.jpg,26,815,359,157,180,0.2527
2b0eb00af067ae40.jpg,13,466,227,245,863,0.9313
2b1a22e5bdc1c6a2.jpg,8,37,183,159,173,0.2784
2b5077ac66f72eb7.jpg,10,483,731,83,129,0.9232
2bb54f885f6a6a8b.jpg,16,179,285,790,147,0.4983
2c438425cdf3e197.jpg,7,134,539,807,496,0.9447
2c52951efe048095.jpg,13,407,501,148,152,0.6026
2c52951efe048095.jpg,3,788,426,128,202,0.8449
2c52951efe048095.jpg,7,147,769,339,412,0.9008
2c6858441a228335.jpg,11,391,362,149,479,0.879
2c75e89db16d3a94.jpg,8,129,417,729,737,0.8902
2c7ed2e673cbf9d9.jpg,14,118,193,444,927,0.8894
2c7f38c89b81a81e.jpg,18,146,444,1007,84,0.8627
2c908e7f71c62841.jpg,22,2415,1960,388,216,0.378
2c908e7f71c62841.jpg,13,1589,2599,548,464,0.4456
2c908e7f71c62841.jpg,22,3328,2377,250,278,0.5018
2c908e7f71c62841.jpg,22,2424,2114,455,382,0.5025
2c908e7f71c62841.jpg,22,3617,2327,206,160,0.5221
2c908e7f71c62841.jpg,22,2227,1183,427,224,0.572
2c908e7f71c62841.jpg,22,3219,2625,396,340,0.6368
2c908e7f71c62841.jpg,22,3665,2422,335,222,0.6431
2c908e7f71c62841.jpg,22,1860,1400,695,317,0.735
2c908e7f71c62841.jpg,15,1251,1196,401,178,0.876
2c908e7f71c62841.jpg,28,699,2859,395,447,0.9006
2c908e7f71c62841.jpg,3,477,1638,1085,847,0.9682
2cbe84a660cee0a9.jpg,26,1053,461,183,101,0.4126
2cbe84a660cee0a9.jpg,22,193,913,127,134,0.7883
2cbe84a660cee0a9.jpg,7,371,629,541,358,0.9021
2cd645f3050cbea7.jpg,26,0,0,113,86,0.4647
2cd645f3050cbea7.jpg,2,234,113,363,345,0.9617
2cdd2fe0dfceb643.jpg,26,496,603,282,119,0.2755
2cdd2fe0dfceb643.jpg,19,494,602,284,120,0.3037
2cdd2fe0dfceb643.jpg,25,495,602,284,120,0.3162
2ced4373cdf375eb.jpg,3,151,123,525,325,0.9829
2d1645edb764f7f0.jpg,9,525,398,260,152,0.9468
2d3f5c2921838537.jpg,4,137,205,315,160,0.9077
2d3f5c2921838537.jpg,4,449,194,217,183,0.9791
2d408e8d5f44f469.jpg,19,287,124,356,340,0.5365
2d445049a8d24544.jpg,26,122,294,555,745,0.5546
2d445049a8d24544.jpg,19,122,295,557,741,0.5659
2d491c5527d386f7.jpg,26,311,0,496,265,0.2855
2d491c5527d386f7.jpg,8,317,209,338,944,0.3748
2d7c18f69c025d92.jpg,19,288,809,362,114,0.8978
2d9ec357a9f02a0d.jpg,13,328,16,355,1232,0.916
2dcd471cdc48f036.jpg,1,182,397,134,127,0.922
2de99096790b946e.jpg,3,171,243,414,212,0.9369
2df261fc55e48c0d.jpg,7,339,769,445,176,0.703
2e0918bba594deca.jpg,8,300,414,705,367,0.9502
2e1a3db384a04a45.jpg,8,248,308,613,912,0.3283
2ea08160a3ba0201.jpg,13,522,618,178,138,0.9331
2ee791100d1da0e3.jpg,12,382,526,232,506,0.5047
2ee791100d1da0e3.jpg,9,381,524,232,508,0.7871
2f1f6af836fcc90b.jpg,26,331,951,207,156,0.4553
2f1f6af836fcc90b.jpg,14,165,0,1312,1099,0.4843
2f1f6af836fcc90b.jpg,14,313,462,458,451,0.5553
2f30bc388787ad1e.jpg,19,458,406,252,582,0.7024
2f30bc388787ad1e.jpg,26,458,406,252,581,0.7889
2f55a1eb1057f158.jpg,1,350,191,171,169,0.9507
2f7eb5eb3d136cf2.jpg,24,441,563,306,365,0.3081
2f7eb5eb3d136cf2.jpg,20,441,564,306,363,0.5378
2f8b6527110ec5d0.jpg,21,355,708,264,273,0.9357
2fe63579d5007b1d.jpg,7,1901,808,570,653,0.7416
30414e4b1cbebf41.jpg,26,317,759,157,152,0.2971
304f6a04d2110703.jpg,26,717,0,96,62,0.2536
304f6a04d2110703.jpg,11,693,441,278,690,0.9231
309949e2401b609b.jpg,19,942,564,1690,1445,0.3394
309949e2401b609b.jpg,7,725,571,1906,1509,0.3519
30c2db125e758db4.jpg,19,180,487,591,727,0.8464
30c65afd28701299.jpg,19,654,236,372,342,0.2535
30c65afd28701299.jpg,22,610,509,254,114,0.3326
30c65afd28701299.jpg,15,656,235,368,342,0.4015
30d5e37693db41aa.jpg,14,1,4,1106,1473,0.6651
30de3e527d14f935.jpg,22,2226,2137,98,80,0.3113
30de3e527d14f935.jpg,15,3441,828,124,138,0.6057
30de3e527d14f935.jpg,22,2776,1392,226,191,0.8172
30de3e527d14f935.jpg,28,1054,2187,929,399,0.8602
30de3e527d14f935.jpg,22,2754,1233,228,184,0.8754
31029a060e46bf7d.jpg,25,336,763,265,467,0.2807
31029a060e46bf7d.jpg,22,248,867,82,83,0.3453
31029a060e46bf7d.jpg,14,444,84,601,1211,0.7018
3130c45d0a9da55e.jpg,19,443,689,417,237,0.8946
314239d51b741c07.jpg,15,61,182,954,529,0.908
315c0dc5b419a945.jpg,19,532,777,96,133,0.3929
315c0dc5b419a945.jpg,8,532,778,97,132,0.6201
31a71285d4ca8bdd.jpg,5,546,533,41,218,0.3604
31aa470754ed3bfe.jpg,26,96,368,286,241,0.7547
31aa470754ed3bfe.jpg,15,391,642,285,571,0.9111
31aa470754ed3bfe.jpg,25,620,44,489,795,0.9701
322554456bb679b4.jpg,9,406,475,199,422,0.9136
32537edb3cd9695e.jpg,7,155,185,511,466,0.4956
325bb6c339a012d6.jpg,33,413,334,163,165,0.4081
325bb6c339a012d6.jpg,8,413,335,164,163,0.5591
32636566bc464494.jpg,19,207,473,822,660,0.2685
3277dd7648ec3a78.jpg,13,189,158,821,1123,0.9802
328947d71f9106b3.jpg,1,586,674,153,150,0.9271
32c5395f1b959190.jpg,5,131,405,521,595,0.8682
32c6d9f924688004.jpg,12,260,1169,373,541,0.4349
32c6d9f924688004.jpg,27,260,1170,373,540,0.6257
32ffaa4a00c8c318.jpg,3,152,137,566,313,0.9634
3318dcac307d30d8.jpg,1,397,602,171,156,0.9287
33346741d3e5277c.jpg,22,0,0,484,762,0.3029
33346741d3e5277c.jpg,7,951,1030,131,157,0.3258
33346741d3e5277c.jpg,15,325,489,257,830,0.3549
33346741d3e5277c.jpg,26,927,16,179,199,0.3858
33346741d3e5277c.jpg,24,325,490,256,829,0.4147
33346741d3e5277c.jpg,28,327,491,254,830,0.4543
33346741d3e5277c.jpg,22,578,209,530,556,0.6082
33346741d3e5277c.jpg,22,134,894,147,144,0.6589
33a498700e3ca155.jpg,3,359,221,268,130,0.4836
33a498700e3ca155.jpg,2,359,221,268,129,0.8052
33b69413b15c6357.jpg,22,1354,1750,186,115,0.3479
33b69413b15c6357.jpg,28,1708,1395,231,143,0.3519
33b69413b15c6357.jpg,22,2649,1766,139,154,0.4594
33b69413b15c6357.jpg,15,0,31,559,1795,0.6053
33b69413b15c6357.jpg,28,3088,1773,208,198,0.6889
33b69413b15c6357.jpg,22,2389,1733,184,178,0.7067
33c7d0a38ae87a20.jpg,26,549,0,88,97,0.3114
33c7d0a38ae87a20.jpg,25,549,1,88,96,0.3841
33c7d0a38ae87a20.jpg,13,306,341,246,106,0.9362
33fb2191b4f0dccc.jpg,14,20,1,4009,2262,0.6452
33fde55beb7104a9.jpg,4,406,227,386,371,0.3091
33fde55beb7104a9.jpg,21,407,227,386,371,0.6185
340280513ea8fe12.jpg,13,448,223,147,149,0.2809
340f96c9716101e5.jpg,14,380,29,430,637,0.9434
341773debad38d01.jpg,3,541,116,193,360,0.7962
341773debad38d01.jpg,6,470,1131,79,245,0.9805
342c116ea7b420fe.jpg,6,1011,442,86,150,0.4253
34a662488e77bc5c.jpg,15,604,612,470,132,0.9348
34ac20a489b2fc03.jpg,26,41,990,171,157,0.2969
34ac20a489b2fc03.jpg,26,387,1354,114,122,0.4648
34ac20a489b2fc03.jpg,15,526,1398,125,78,0.4681
34ac20a489b2fc03.jpg,26,354,35,190,267,0.5198
34ac20a489b2fc03.jpg,13,356,321,211,277,0.5583
34ac20a489b2fc03.jpg,26,655,440,97,98,0.7808
34b3d96c8795c95a.jpg,7,153,166,769,1006,0.3333
34b3d96c8795c95a.jpg,19,154,168,766,1016,0.6466
350ea681d8395250.jpg,20,261,514,448,488,0.9872
3514be1857ff425e.jpg,26,249,484,262,174,0.8855
3515a1afe13d4dd0.jpg,19,353,239,760,152,0.3345
354e6d3b7df090a9.jpg,14,279,0,836,858,0.855
356756f279df7390.jpg,5,228,655,374,304,0.3216
356756f279df7390.jpg,15,497,431,617,208,0.9503
359be8c7cc6b0a14.jpg,26,32,394,71,66,0.2759
35f60abdd1887a2e.jpg,26,401,0,121,162,0.3559
35f60abdd1887a2e.jpg,22,1356,828,123,239,0.6215
361aecbaadaaad3d.jpg,24,452,616,482,996,0.9452
3631c5b525e87738.jpg,8,343,247,389,826,0.929
366d74a2ac6e46bd.jpg,14,290,411,418,1043,0.8378
36a764d2f25a13a2.jpg,14,13,63,554,624,0.5301
36a764d2f25a13a2.jpg,5,491,624,167,410,0.5431
36a764d2f25a13a2.jpg,18,491,625,166,408,0.7506
36a7a1911907d868.jpg,25,418,225,269,562,0.2651
36a7a1911907d868.jpg,26,174,580,58,181,0.3589
36a7a1911907d868.jpg,26,485,46,111,109,0.4769
36a7a1911907d868.jpg,11,256,264,82,195,0.9547
36aae9f0b561b0c0.jpg,12,515,631,189,225,0.9746
36abd3f72abf38e1.jpg,7,123,592,639,460,0.9545
36c4c5b9859ee344.jpg,13,466,521,536,364,0.956
370e5f69491d52b2.jpg,1,1213,643,46,47,0.2646
370e5f69491d52b2.jpg,24,489,326,217,428,0.5821
375c2444796ed5d7.jpg,19,0,0,287,489,0.3388
375c2444796ed5d7.jpg,26,1074,769,56,137,0.3798
375c2444796ed5d7.jpg,22,520,325,602,630,0.8895
37a53ecf4d9c7981.jpg,5,303,520,382,712,0.874
37b0f07aea3b9d61.jpg,7,580,1194,95,113,0.5853
37b0f07aea3b9d61.jpg,21,385,363,386,400,0.9317
37c1e277b274c394.jpg,26,813,890,242,385,0.3355
37c1e277b274c394.jpg,3,287,550,580,618,0.568
37ccb4e8367f09b1.jpg,29,387,397,393,364,0.3115
37ccb4e8367f09b1.jpg,22,387,397,393,363,0.3574
37fe0ef2d501327d.jpg,7,214,387,187,106,0.3047
38048dbdd7dbc237.jpg,8,262,574,633,501,0.993
38057269bcf355d5.jpg,5,685,516,105,766,0.8489
3854a5cd6fa627ef.jpg,27,1108,0,125,77,0.2648
3854a5cd6fa627ef.jpg,14,6,0,1341,676,0.3777
3854a5cd6fa627ef.jpg,3,713,440,535,413,0.7765
385669e80588230e.jpg,11,399,731,249,74,0.9382
38b04c465d041542.jpg,19,113,527,622,409,0.9803
38b1ad6b9c64221d.jpg,8,143,268,807,890,0.846
38e3ea98a230a0ea.jpg,9,513,620,106,304,0.8995
38ed512892bfcae4.jpg,24,76,8,608,532,0.8413
3901a1430b3aef76.jpg,16,442,416,537,160,0.4935
3901a1430b3aef76.jpg,17,442,416,535,160,0.8109
3911936c2090ddea.jpg,7,245,9,406,1172,0.3439
3933350555d2bbf0.jpg,28,1186,679,1461,2342,0.5069
393eeeb03e50ec53.jpg,15,276,629,588,220,0.74
393eeeb03e50ec53.jpg,33,888,86,365,500,0.7551
39410c4a4072f920.jpg,7,190,133,530,389,0.4625
39410c4a4072f920.jpg,19,190,132,530,397,0.5037
3979826682aa18ff.jpg,14,662,343,399,232,0.2802
3980c101c5cadbc1.jpg,15,668,462,301,283,0.6917
39983285a24f68d9.jpg,14,9,0,1099,665,0.3331
39983285a24f68d9.jpg,30,439,872,189,187,0.6486
39ca31a812c58e08.jpg,22,108,300,618,775,0.2556
39d497e5433cb89c.jpg,21,3302,1046,250,156,0.2703
39d497e5433cb89c.jpg,4,3301,1046,251,156,0.4605
39d497e5433cb89c.jpg,6,1218,1742,707,179,0.9711
39fbc7b800ff61f4.jpg,28,932,685,175,140,0.3611
39fbc7b800ff61f4.jpg,11,373,421,321,268,0.851
3a0f48012246aca7.jpg,19,107,474,573,233,0.4279
3a0f48012246aca7.jpg,7,108,475,574,232,0.4875
3a17ac5a7ac9f906.jpg,19,280,158,353,292,0.9984
3a36068411b2b62e.jpg,26,189,563,49,79,0.2852
3a36068411b2b62e.jpg,9,859,407,365,451,0.9756
3a557c6e4673a32e.jpg,13,537,445,561,175,0.9641
3a66b90470865c8d.jpg,12,636,423,316,182,0.5477
3a66b90470865c8d.jpg,23,636,423,317,182,0.6351
3a66b90470865c8d.jpg,8,244,114,398,395,0.7448
3ad05b3fb170b008.jpg,26,1379,2258,299,348,0.3019
3ad05b3fb170b008.jpg,8,1213,1656,633,650,0.596
3b00ea49d5604e78.jpg,33,530,182,223,212,0.3039
3b00ea49d5604e78.jpg,1,530,183,223,211,0.5151
3b0d22f70c0e7a8b.jpg,14,1123,483,2908,1782,0.4035
3b0d22f70c0e7a8b.jpg,15,1859,340,1213,1107,0.7903
3b14a0a1357bd941.jpg,1,3162,0,205,175,0.2875
3b14a0a1357bd941.jpg,22,3021,728,254,283,0.3057
3b14a0a1357bd941.jpg,9,1495,849,450,182,0.3129
3b14a0a1357bd941.jpg,22,2548,1654,198,242,0.3245
3b14a0a1357bd941.jpg,22,1939,341,348,459,0.5983
3b1f26fe4e636099.jpg,26,583,1041,111,112,0.3867
3b1f26fe4e636099.jpg,5,269,650,604,111,0.7291
3b3c784b68b02d15.jpg,15,2120,1095,743,488,0.819
3b3c784b68b02d15.jpg,15,1474,529,703,448,0.9132
3b4b95dfba46bf37.jpg,28,158,374,165,175,0.4053
3b4b95dfba46bf37.jpg,27,385,512,156,196,0.647
3b4b95dfba46bf37.jpg,24,550,58,155,100,0.8747
3ba2505a01328960.jpg,26,422,430,428,520,0.9884
3bb6e9bdd35710e9.jpg,26,514,478,240,206,0.8519
3bfa0dd1622f013d.jpg,7,393,422,649,594,0.7562
3c38477e206264f0.jpg,19,416,507,243,263,0.9445
3c71316bdd154c38.jpg,1,468,270,323,312,0.9528
3c868d5ef76e90ce.jpg,25,24,214,641,1047,0.3442
3c868d5ef76e90ce.jpg,26,467,46,129,48,0.3444
3c868d5ef76e90ce.jpg,26,1007,1046,91,120,0.584
3c868d5ef76e90ce.jpg,28,24,215,642,1045,0.608
3c8c5f4a5da96172.jpg,15,300,114,78,46,0.5019
3c8c5f4a5da96172.jpg,15,241,616,513,518,0.5117
3c8c5f4a5da96172.jpg,14,654,727,325,412,0.7912
3cc7693eeea4d624.jpg,8,355,503,488,432,0.9357
3cd9912eec27bd8a.jpg,26,541,208,429,300,0.3675
3cd9912eec27bd8a.jpg,26,1004,623,125,102,0.4174
3cd9912eec27bd8a.jpg,26,1001,0,395,347,0.5324
3cd9912eec27bd8a.jpg,22,1001,0,395,346,0.5896
3cd9912eec27bd8a.jpg,9,300,425,633,378,0.6364
3cecc1f5de385fbd.jpg,27,752,412,643,674,0.9817
3cf38555b21260ec.jpg,17,0,85,126,198,0.6349
3cf38555b21260ec.jpg,12,515,484,447,258,0.66
3d47ec2b262be631.jpg,26,532,201,160,387,0.8924
3d47ec2b262be631.jpg,1,531,989,109,118,0.9006
3d533b96b19d5315.jpg,14,317,18,791,1003,0.7419
3d8194f88ffd3dc1.jpg,2,256,392,567,448,0.2738
3d8194f88ffd3dc1.jpg,13,254,393,570,448,0.6231
3d8194f88ffd3dc1.jpg,2,78,682,506,484,0.9821
3d9a2545b0a499b9.jpg,8,232,380,601,707,0.9833
3ddf3e8293fada40.jpg,24,2498,885,323,284,0.2676
3ddf3e8293fada40.jpg,22,3470,2057,352,258,0.2764
3ddf3e8293fada40.jpg,24,2376,1777,409,705,0.3155
3ddf3e8293fada40.jpg,27,1660,1033,330,290,0.3952
3ddf3e8293fada40.jpg,28,2028,1428,277,174,0.408
3ddf3e8293fada40.jpg,20,1657,1034,332,288,0.432
3ddf3e8293fada40.jpg,26,1672,1457,324,345,0.4643
3ddf3e8293fada40.jpg,22,1671,1459,324,341,0.4915
3ddf3e8293fada40.jpg,22,2401,1158,285,259,0.5146
3ddf3e8293fada40.jpg,28,1055,787,114,158,0.5363
3ddf3e8293fada40.jpg,22,255,1619,238,178,0.6772
3e132b6b6df1f443.jpg,8,14,86,927,1377,0.9503
3e7b035287cb13fb.jpg,19,48,389,316,150,0.4032
3e7b035287cb13fb.jpg,6,289,691,572,162,0.9808
3ee593cfe8fa87b3.jpg,15,591,232,564,628,0.9652
3ee95c9b44aa27a4.jpg,8,111,374,553,713,0.3788
3f48befcbece5932.jpg,1,423,743,80,78,0.8624
3fd5a2c757a4b38b.jpg,10,216,379,71,42,0.8138
3fd5a2c757a4b38b.jpg,10,998,1341,77,56,0.866
3fd5a2c757a4b38b.jpg,22,184,306,992,962,0.8914
3fd5a2c757a4b38b.jpg,27,1455,626,214,450,0.9335
3ff56e6da8440bb1.jpg,27,389,575,438,469,0.3781
405351f9cb237628.jpg,9,353,343,585,409,0.9428
4055968f8233942f.jpg,3,283,67,542,562,0.727
40588a33b414965e.jpg,1,564,232,123,118,0.9035
407c004c70acb93e.jpg,2,193,238,596,291,0.8769
40993caad155b32c.jpg,12,395,165,353,293,0.9475
40e84c6f0c177481.jpg,8,553,255,399,379,0.9258
40f1de6af3038933.jpg,2,432,657,231,193,0.4653
40f1de6af3038933.jpg,3,432,658,231,192,0.4839
4103077c6965bc3e.jpg,15,909,560,351,417,0.9122
417b3b26deee88db.jpg,26,509,254,212,116,0.5756
417b3b26deee88db.jpg,19,508,254,214,116,0.7956
41d16406e0f7b6a0.jpg,19,536,654,78,162,0.399
41f0eff9258baa15.jpg,1,320,212,156,163,0.9071
42185c3684516f54.jpg,22,132,230,732,755,0.9538
422d4a8d8960d253.jpg,10,596,265,472,434,0.5556
42460dee271c9ee7.jpg,27,358,668,620,575,0.9655
425177b7891d69f1.jpg,9,353,420,192,352,0.9498
4252f3ef58a1f78d.jpg,20,521,632,291,278,0.7042
4290fcd29faf98e9.jpg,22,1922,1606,303,327,0.7127
4290fcd29faf98e9.jpg,22,1018,915,197,157,0.7908
42a16acb98eb1c41.jpg,14,1122,298,61,145,0.276
42a16acb98eb1c41.jpg,12,958,503,127,91,0.9812
42b22d070e975f80.jpg,20,240,142,425,355,0.9701
42d08a56776ad521.jpg,16,292,151,597,377,0.9334
42d6f89ecceb1f58.jpg,22,87,178,1115,570,0.9542
430e200a5e93ceb1.jpg,15,173,546,347,285,0.3138
430e200a5e93ceb1.jpg,15,1354,1,302,204,0.4539
430e200a5e93ceb1.jpg,15,1472,181,254,226,0.6649
430e200a5e93ceb1.jpg,15,950,621,312,257,0.7878
430e200a5e93ceb1.jpg,15,1193,251,262,332,0.858
430e200a5e93ceb1.jpg,15,2568,2394,491,411,0.9066
430e200a5e93ceb1.jpg,14,0,3,3994,2997,0.9226
430e200a5e93ceb1.jpg,15,2502,1231,301,386,0.9281
430e200a5e93ceb1.jpg,15,2957,2327,420,476,0.9469
4310228b0b46e913.jpg,23,798,1631,2136,2116,0.9257
4377e4d695837662.jpg,2,1731,981,1087,1416,0.4268
4377e4d695837662.jpg,3,1732,975,1096,1417,0.5432
43af9427d6758761.jpg,28,195,183,893,717,0.8782
44151e7773ed321f.jpg,26,288,1364,91,113,0.2567
44151e7773ed321f.jpg,26,1,1350,151,127,0.3359
44151e7773ed321f.jpg,22,351,21,562,1098,0.9265
446d2b656a6d637b.jpg,14,280,346,649,954,0.8302
449c5f688f841119.jpg,26,231,960,197,147,0.2957
449c5f688f841119.jpg,18,197,368,974,212,0.9335
44a6114c1d5bfafe.jpg,12,422,278,261,175,0.2741
44a6114c1d5bfafe.jpg,5,107,195,191,245,0.3166
44b199c73aa05002.jpg,28,871,1439,2215,1088,0.8821
44cf75828f30ee96.jpg,26,811,714,33,100,0.4351
44cf75828f30ee96.jpg,28,770,468,133,151,0.8034
44cf75828f30ee96.jpg,11,367,690,334,280,0.9777
44d323a2d61e8e72.jpg,19,227,52,411,434,0.9002
450a1ac7930da628.jpg,1,198,651,32,25,0.3061
450a1ac7930da628.jpg,19,928,445,193,172,0.8769
453332aa6e1ae139.jpg,1,487,279,219,210,0.9342
455d7bcd5742753f.jpg,9,447,518,345,283,0.441
455d7bcd5742753f.jpg,12,448,518,344,283,0.6358
456755796077ee65.jpg,26,9,909,432,506,0.2929
456755796077ee65.jpg,15,1922,1131,622,2182,0.4149
45811f2fb60c29fa.jpg,19,433,841,403,355,0.3299
45811f2fb60c29fa.jpg,2,552,458,332,339,0.4615
45d9272756f049e8.jpg,3,320,379,1014,462,0.6154
4607c3cd50689091.jpg,7,0,930,390,237,0.8124
4607c3cd50689091.jpg,5,489,307,110,979,0.8157
4609bab1190eebfc.jpg,6,497,22,183,100,0.3618
4609bab1190eebfc.jpg,21,1870,1650,371,331,0.4092
4609bab1190eebfc.jpg,25,1184,1747,253,179,0.7535
4609bab1190eebfc.jpg,33,1333,1542,375,278,0.7928
4609bab1190eebfc.jpg,22,397,253,448,350,0.8935
46324f5190a75b94.jpg,3,608,964,317,133,0.3234
46324f5190a75b94.jpg,22,1711,1083,132,104,0.4308
46358cd8faf3808b.jpg,13,384,778,227,383,0.6626
465493566511228a.jpg,3,135,139,573,231,0.9482
46625681e279702d.jpg,10,364,728,267,47,0.9124
4688f2ffc90d7c67.jpg,22,0,417,205,567,0.3471
4688f2ffc90d7c67.jpg,26,221,0,571,506,0.6322
46bc7360ea1e6a5b.jpg,4,576,666,972,460,0.5921
46becb565278b7c0.jpg,27,359,104,817,817,0.9788
46c401b06425f0cc.jpg,15,518,1108,287,310,0.3848
46c401b06425f0cc.jpg,29,104,550,331,450,0.5194
46c401b06425f0cc.jpg,22,546,0,561,824,0.6003
46c401b06425f0cc.jpg,22,104,550,332,449,0.6125
46c401b06425f0cc.jpg,15,361,639,254,244,0.6369
46c401b06425f0cc.jpg,15,396,869,263,288,0.7328
46c401b06425f0cc.jpg,15,386,242,258,261,0.8849
46e32f7b13ffff77.jpg,1,1085,340,156,122,0.3406
46e32f7b13ffff77.jpg,3,523,352,661,600,0.629
46f8728663bdea06.jpg,14,154,55,1322,1019,0.8922
477edc22d6457bde.jpg,27,247,348,619,782,0.3322
477edc22d6457bde.jpg,8,247,347,617,786,0.4909
47bec19ad93855e0.jpg,24,362,490,347,198,0.4875
47bec19ad93855e0.jpg,25,683,416,506,304,0.9423
47c826e0afcd448b.jpg,5,468,207,146,1215,0.8454
47d60a607bd77f68.jpg,7,308,58,1099,767,0.9673
4808d724f59b8d09.jpg,1,504,250,270,268,0.9527
4818ff4cccf13548.jpg,1,305,74,47,66,0.4758
4818ff4cccf13548.jpg,7,50,337,632,583,0.9579
4887391e565fdb8d.jpg,20,495,197,310,310,0.9754
48d9ea60b40bb43e.jpg,26,930,1020,129,105,0.3591
4907c7fac8802cd1.jpg,29,1011,328,465,613,0.4197
4915ff02211d6f18.jpg,5,278,55,290,1156,0.8923
493167f74fa3491c.jpg,14,136,49,1026,910,0.8798
493167f74fa3491c.jpg,33,60,184,96,121,0.892
498e835c53c1eb84.jpg,7,0,0,163,305,0.2893
498e835c53c1eb84.jpg,13,528,378,250,541,0.9136
4991ed9b01c4715d.jpg,18,249,243,534,1026,0.8614
4997548508b19730.jpg,24,300,51,400,531,0.9121
49bb6f7dcd3b1433.jpg,6,213,382,561,263,0.9857
49c536a82a6127a8.jpg,3,519,245,628,560,0.9204
49d56b3e5c51dcf5.jpg,27,217,378,560,625,0.9091
4a3dec8cd9e0771e.jpg,20,554,228,589,592,0.8443
4aa3f0a2e1c5081d.jpg,26,467,1237,396,78,0.2816
4aa3f0a2e1c5081d.jpg,26,471,213,62,70,0.7332
4aa3f0a2e1c5081d.jpg,5,345,470,514,451,0.8936
4aa4f55b3449bebe.jpg,3,3549,379,258,363,0.3142
4aa4f55b3449bebe.jpg,22,939,800,181,264,0.4019
4aa4f55b3449bebe.jpg,22,2080,869,281,198,0.4875
4aa4f55b3449bebe.jpg,22,2140,467,231,164,0.7918
4aa4f55b3449bebe.jpg,22,1167,647,320,313,0.8976
4aa5e677bcde7940.jpg,12,1526,641,781,685,0.8972
4aaed342e77386ec.jpg,22,2289,1709,277,277,0.7502
4abe324b3d344e42.jpg,26,779,865,358,130,0.3629
4abe324b3d344e42.jpg,19,271,429,483,327,0.5231
4ac0ed453ec3a3e8.jpg,12,313,263,692,427,0.9591
4aec1e42d4e0ed0c.jpg,2,159,183,872,360,0.2551
4aec1e42d4e0ed0c.jpg,12,159,183,872,361,0.2743
4aec1e42d4e0ed0c.jpg,3,159,183,871,360,0.5015
4b0fc901d6bf11c4.jpg,6,735,540,125,387,0.7869
4b0fc901d6bf11c4.jpg,11,253,852,131,218,0.8034
4b25988c6fae7439.jpg,22,479,714,152,149,0.8333
4b25988c6fae7439.jpg,24,157,107,414,307,0.8921
4b3372d0bb4bc08d.jpg,27,208,411,507,458,0.5392
4b3bb1afaabef9be.jpg,14,341,569,496,430,0.5129
4b3bc94c9a38229f.jpg,15,675,416,569,213,0.9559
4b40fb816820818d.jpg,19,573,212,246,242,0.4715
4b40fb816820818d.jpg,1,573,212,245,243,0.6599
4bade60db44bc382.jpg,26,885,115,154,145,0.2711
4bade60db44bc382.jpg,26,749,970,359,507,0.2887
4bade60db44bc382.jpg,26,0,0,295,613,0.3967
4bade60db44bc382.jpg,22,382,1077,216,235,0.5457
4bade60db44bc382.jpg,4,248,368,491,668,0.7839
4c38f534e7e8e9e0.jpg,10,419,475,307,277,0.8951
4c7483b4856fcc28.jpg,22,1121,1752,498,453,0.3176
4c7483b4856fcc28.jpg,22,2321,84,263,244,0.3716
4c7483b4856fcc28.jpg,1,2022,2195,119,124,0.6057
4c7483b4856fcc28.jpg,22,3488,2140,254,213,0.8604
4c7483b4856fcc28.jpg,22,3000,1488,442,342,0.9069
4c831ac3d2f4f646.jpg,28,575,1088,98,144,0.6131
4c831ac3d2f4f646.jpg,21,545,518,155,377,0.812
4c9e0e7eaf350840.jpg,26,64,480,54,68,0.3661
4c9e0e7eaf350840.jpg,3,10,105,257,153,0.7157
4cce49228eac1501.jpg,18,377,263,291,1168,0.8667
4cd32f9034de0d66.jpg,19,853,169,136,180,0.3465
4cd32f9034de0d66.jpg,13,300,441,524,397,0.9512
4cdfcfc1151a2e50.jpg,15,371,285,297,662,0.5849
4cea3105e09a59fd.jpg,24,400,2353,120,155,0.2587
4cea3105e09a59fd.jpg,22,1315,541,182,174,0.3031
4cea3105e09a59fd.jpg,22,869,3450,223,277,0.6414
4cea3105e09a59fd.jpg,22,291,2594,239,196,0.6809
4d0f28d5ff177f7c.jpg,19,82,1094,314,187,0.3023
4d0f28d5ff177f7c.jpg,26,83,1094,313,187,0.3093
4d0f28d5ff177f7c.jpg,1,434,177,56,55,0.6048
4d1c85ab14db8d2e.jpg,26,2933,60,170,156,0.2522
4d1c85ab14db8d2e.jpg,26,2388,1931,191,151,0.2595
4d1c85ab14db8d2e.jpg,22,2387,1929,192,154,0.2601
4d1c85ab14db8d2e.jpg,22,3703,1797,179,135,0.3417
4d1c85ab14db8d2e.jpg,22,1338,1737,187,350,0.3489
4d1c85ab14db8d2e.jpg,26,1337,1738,186,346,0.3588
4d1c85ab14db8d2e.jpg,13,1588,395,329,180,0.4209
4d1c85ab14db8d2e.jpg,22,2576,1554,555,425,0.8485
4d1c85ab14db8d2e.jpg,28,966,1120,451,688,0.8849
4d1cf4903014957d.jpg,14,20,6,1074,1434,0.3244
4d3769869ef55bd4.jpg,13,421,211,263,705,0.6101
4d3769869ef55bd4.jpg,7,153,727,663,728,0.7941
4d3e21a6f2e4173a.jpg,24,2015,1532,666,643,0.2716
4d3e21a6f2e4173a.jpg,19,2014,1529,666,646,0.2941
4d3e21a6f2e4173a.jpg,26,110,1101,104,105,0.6337
4d3e21a6f2e4173a.jpg,24,1798,901,459,428,0.7217
4d3e21a6f2e4173a.jpg,22,1900,267,529,515,0.8789
4d3e21a6f2e4173a.jpg,13,992,725,343,206,0.9386
4d3e21a6f2e4173a.jpg,24,1893,784,653,270,0.9745
4d6b2de89d14c6be.jpg,3,205,440,713,587,0.9737
4d792de01107e5c4.jpg,27,354,162,944,820,0.9133
4d91f1e8b79a1805.jpg,7,648,320,287,308,0.3036
4d91f1e8b79a1805.jpg,9,319,630,203,243,0.9703
4d9423807fc7e165.jpg,20,476,473,286,269,0.9343
4db307227534cd2d.jpg,8,352,101,526,1297,0.8521
4dd7f6f55f8afd12.jpg,4,473,295,453,314,0.9598
4ddb94fd78eb06d1.jpg,19,1002,2730,759,1042,0.6001
4ddb94fd78eb06d1.jpg,25,582,2040,1541,923,0.9397
4e023c43c98391d0.jpg,2,513,99,87,190,0.9684
4e273f25709be498.jpg,14,71,524,645,314,0.9327
4e2a579356aa7b81.jpg,12,412,608,272,168,0.9418
4e7bfa6ebfa02bf8.jpg,27,411,168,322,402,0.8964
4e95747f5fa62544.jpg,19,351,226,176,170,0.9777
4eb36242c86c7988.jpg,26,681,855,103,83,0.3036
4eb36242c86c7988.jpg,28,82,0,121,40,0.414
4eb36242c86c7988.jpg,1,721,484,173,193,0.9547
4ee5cc8eba66de7f.jpg,24,10,381,968,410,0.5087
4ee5cc8eba66de7f.jpg,10,347,74,138,95,0.7648
4f15d11ecd63e9ff.jpg,5,491,221,98,864,0.8451
4f57ad4760624cd2.jpg,7,619,340,427,286,0.9428
4f701dcf1b21c7e1.jpg,33,261,330,565,785,0.9824
4f8e808b397df71a.jpg,20,551,629,75,71,0.3373
4f8e808b397df71a.jpg,6,247,1033,495,233,0.9702
4f9d31a74d874ad0.jpg,1,618,627,101,105,0.8827
4fa6398beb4fbc95.jpg,15,473,863,3292,1338,0.9274
4fb9dbfcac51f283.jpg,28,376,3,853,427,0.3197
4fb9dbfcac51f283.jpg,26,10,638,157,117,0.4809
4fb9dbfcac51f283.jpg,26,121,389,333,291,0.4986
4fb9dbfcac51f283.jpg,26,18,302,149,169,0.6284
4fb9dbfcac51f283.jpg,3,331,373,802,213,0.7377
4fe3fce24ea1268d.jpg,13,1203,455,376,1729,0.5133
5015b0ae0aac100f.jpg,21,230,71,344,328,0.6102
5046c32361ea249f.jpg,7,341,650,217,221,0.3368
5064c9aa3f2b4f01.jpg,13,342,120,308,1014,0.9812
5067b93086fe2f13.jpg,7,152,478,545,437,0.5742
506a14c176e892d7.jpg,19,478,5,124,1011,0.8528
508c7b83cf8aa72f.jpg,14,148,543,958,500,0.8363
50cf51d2854ad07e.jpg,4,454,272,741,655,0.9753
5117781556ad5d35.jpg,5,140,229,1045,259,0.8674
512a520a18de45dd.jpg,19,1015,437,91,90,0.3396
512a520a18de45dd.jpg,19,4,305,95,102,0.6644
512a520a18de45dd.jpg,8,362,582,273,255,0.8957
514fa34cfcc87a76.jpg,1,1241,389,78,76,0.8724
514fa34cfcc87a76.jpg,13,365,473,555,394,0.9111
5157a8e19f4dbd98.jpg,7,1018,373,417,279,0.2555
5157a8e19f4dbd98.jpg,28,788,715,689,392,0.3761
5157a8e19f4dbd98.jpg,22,1054,301,255,212,0.3763
5157a8e19f4dbd98.jpg,26,383,0,218,186,0.6555
515b2056777b21d0.jpg,26,719,1079,67,180,0.3016
51b3173b6ed51636.jpg,15,500,369,403,293,0.8615
51de8e342b128160.jpg,7,100,101,346,510,0.9234
51e4e8eeee425352.jpg,15,242,255,524,945,0.9714
51e96a75264819f9.jpg,24,830,0,251,276,0.3483
51e96a75264819f9.jpg,14,1,248,1051,1227,0.8263
51ef43ce75eac731.jpg,14,175,78,506,364,0.7949
52078b69525bcef0.jpg,7,362,159,445,409,0.6928
521414ba415313bd.jpg,19,1072,1619,622,656,0.7898
521414ba415313bd.jpg,12,2085,1795,203,132,0.9375
521764e71984c695.jpg,14,232,616,582,229,0.8917
5240be8ca7b00bb2.jpg,14,429,488,835,521,0.3138
5240be8ca7b00bb2.jpg,14,0,0,1272,1104,0.7825
52412823978a00b9.jpg,6,410,424,615,125,0.6505
5253e748eac35ae8.jpg,7,354,879,189,132,0.8199
5253e748eac35ae8.jpg,21,1067,617,204,193,0.9115
526885a3d949d669.jpg,26,793,0,265,87,0.3079
526885a3d949d669.jpg,26,0,0,465,178,0.3845
526885a3d949d669.jpg,8,286,183,647,578,0.9391
5296a86af61a02cc.jpg,26,729,468,89,61,0.4017
52adbcd99c39d276.jpg,8,331,1543,1432,878,0.9597
52b501c4aa4d08c5.jpg,20,217,517,680,659,0.9818
52e340c39aa2f1bf.jpg,2,378,329,421,207,0.5307
52fac8f1fb205d92.jpg,13,888,1325,206,152,0.284
52fac8f1fb205d92.jpg,26,957,1219,151,77,0.5025
52fac8f1fb205d92.jpg,15,432,1355,506,122,0.659
52fac8f1fb205d92.jpg,8,305,829,271,297,0.9211
53090d10d49fd3af.jpg,21,271,353,656,711,0.2594
53090d10d49fd3af.jpg,27,273,352,656,710,0.5657
5316cd24362abff1.jpg,19,874,613,215,162,0.3135
5316cd24362abff1.jpg,27,561,323,183,143,0.6937
5321d1a6a47df36b.jpg,26,466,638,177,230,0.9606
53391ecd69b3a7b8.jpg,3,334,204,258,98,0.3166
53391ecd69b3a7b8.jpg,2,334,204,258,98,0.8356
53401761c2e162c5.jpg,15,733,740,307,269,0.3346
53401761c2e162c5.jpg,9,388,435,308,731,0.7802
535c7bb5696fb8af.jpg,14,1,0,431,545,0.8259
535c7bb5696fb8af.jpg,1,339,175,139,141,0.9146
5379eb95b5001ea0.jpg,15,305,479,514,549,0.9452
53be5585797443c7.jpg,15,1594,994,864,459,0.897
53d32c3e595b8fd1.jpg,28,432,720,260,347,0.3267
53d32c3e595b8fd1.jpg,25,275,434,259,293,0.5296
54055f492b5fad32.jpg,13,84,60,818,582,0.9692
5418ff5d1f7233b8.jpg,3,480,0,84,112,0.3142
5418ff5d1f7233b8.jpg,3,654,0,137,70,0.531
546a52f17cbf0556.jpg,14,609,0,477,395,0.4376
546a52f17cbf0556.jpg,7,248,572,218,253,0.8642
546a52f17cbf0556.jpg,3,530,329,525,430,0.9643
54b46d4f8da30cd4.jpg,26,870,1156,64,75,0.3848
54b46d4f8da30cd4.jpg,5,516,680,317,253,0.9377
54c398337636ed15.jpg,19,1947,2196,278,155,0.2698
54dc3640aba03a64.jpg,26,396,714,133,140,0.4793
54dc3640aba03a64.jpg,26,543,500,469,357,0.5134
54dc3640aba03a64.jpg,1,262,503,256,256,0.8107
55589417885d97a0.jpg,22,1478,1056,300,239,0.3861
55589417885d97a0.jpg,22,1700,535,308,255,0.6384
55589417885d97a0.jpg,22,2387,482,557,456,0.915
555d1976961c4670.jpg,9,347,617,370,375,0.9889
5591543b7eb0934f.jpg,1,436,251,260,278,0.8857
55d14e100fe41a9b.jpg,5,604,473,572,84,0.6057
55e597aef24dc7d6.jpg,14,6,270,570,768,0.9236
55ffe35257e18770.jpg,8,149,227,883,981,0.9776
561a277da18ff00f.jpg,7,274,425,247,416,0.4859
561a277da18ff00f.jpg,8,272,424,248,416,0.5111
56200bfb294f4597.jpg,6,401,486,200,74,0.9713
562fc737c75a03be.jpg,15,622,452,344,329,0.7519
5653fb45edf0ca2b.jpg,26,888,680,164,62,0.6963
567b55522861b852.jpg,13,269,251,172,449,0.9618
56a15036f0c829cb.jpg,14,0,0,878,489,0.833
56b1bad770e0684c.jpg,2,502,1156,308,133,0.4523
56bdfe32c53ecd8d.jpg,26,127,900,138,139,0.2581
56bdfe32c53ecd8d.jpg,26,809,1352,72,70,0.2711
56bdfe32c53ecd8d.jpg,26,371,1249,225,161,0.335
56bdfe32c53ecd8d.jpg,26,245,1172,145,171,0.4365
56cd606cb0200380.jpg,26,221,715,49,47,0.2633
56cd606cb0200380.jpg,22,880,687,336,219,0.3434
56cd606cb0200380.jpg,26,113,805,86,69,0.3941
56cd606cb0200380.jpg,26,1171,84,75,50,0.4254
56cd606cb0200380.jpg,26,606,488,65,83,0.4254
56cd606cb0200380.jpg,26,585,836,56,65,0.4412
56cd606cb0200380.jpg,26,494,1001,101,107,0.4569
56cd606cb0200380.jpg,26,832,739,90,65,0.4882
56cd606cb0200380.jpg,26,1234,84,55,50,0.5501
56cd606cb0200380.jpg,26,440,667,43,41,0.5578
56cd606cb0200380.jpg,26,1414,480,63,119,0.581
56cd606cb0200380.jpg,26,965,528,57,155,0.6103
56cd606cb0200380.jpg,26,1155,698,160,166,0.6479
56cd606cb0200380.jpg,26,1306,422,165,73,0.6554
56cd606cb0200380.jpg,26,1106,2,109,85,0.6807
56cd606cb0200380.jpg,26,162,948,52,87,0.7242
56cd606cb0200380.jpg,26,536,538,95,98,0.8094
56cd606cb0200380.jpg,15,625,435,364,298,0.9396
56e97ffe4472b2bc.jpg,8,1393,1694,338,623,0.4006
56e97ffe4472b2bc.jpg,10,2718,759,170,185,0.479
56e97ffe4472b2bc.jpg,12,1393,1698,337,617,0.6563
56e9f5d4e3becc96.jpg,12,649,221,680,1082,0.3396
56e9f5d4e3becc96.jpg,23,648,221,681,1080,0.4674
56edc754f3582e64.jpg,11,334,300,392,119,0.9542
56f24bc6d9e5667a.jpg,14,1307,416,228,1316,0.3997
56f24bc6d9e5667a.jpg,22,452,1018,452,535,0.4773
56f24bc6d9e5667a.jpg,21,428,521,391,322,0.809
56fb0f2e62aab20e.jpg,7,387,220,397,1096,0.9178
571d36f67ff3187a.jpg,1,428,525,285,290,0.9035
5738e3167ad8745f.jpg,4,213,365,612,833,0.3521
5738e3167ad8745f.jpg,27,215,365,610,833,0.5233
57d481e1abbaac50.jpg,3,493,903,444,611,0.6262
57e92e006e68134b.jpg,26,444,707,166,319,0.8636
57fe8979fbf46c5e.jpg,15,341,251,309,803,0.9219
5837dcf9798b0a54.jpg,8,561,481,246,376,0.3963
5837dcf9798b0a54.jpg,8,111,357,691,498,0.9433
588bf469fd29c8fa.jpg,12,270,500,451,424,0.4163
588bf469fd29c8fa.jpg,8,271,499,450,425,0.6682
58a41d714c155b93.jpg,20,352,187,179,158,0.9848
58ada30fd6ae8b34.jpg,23,630,465,271,473,0.9091
58b360252fd6c272.jpg,14,260,495,532,589,0.7718
58b6adb888330d0e.jpg,10,515,1062,215,226,0.2638
58b6adb888330d0e.jpg,10,616,762,109,305,0.8878
58b6adb888330d0e.jpg,10,370,716,165,184,0.9105
58d8fc8f83feba53.jpg,3,301,201,285,151,0.6053
58df8bfa06eb0aba.jpg,13,0,1514,337,534,0.3182
58df8bfa06eb0aba.jpg,15,672,829,356,376,0.8534
58f72a435516de3d.jpg,7,427,707,549,286,0.7088
59031126ee71638c.jpg,33,570,613,107,157,0.8983
5943da9e3cbb09c9.jpg,19,66,372,143,69,0.3313
5943da9e3cbb09c9.jpg,26,346,347,94,70,0.3963
5943da9e3cbb09c9.jpg,1,458,250,135,134,0.9397
597f6559fe021563.jpg,3,510,358,516,390,0.4141
597f6559fe021563.jpg,11,510,358,514,390,0.8353
5998c98aa4a5c494.jpg,24,308,416,614,626,0.9947
59b7123978e2929d.jpg,22,413,342,464,478,0.2786
59b7123978e2929d.jpg,28,413,342,464,477,0.359
59b7123978e2929d.jpg,22,932,82,111,112,0.3726
59b7123978e2929d.jpg,28,1176,648,301,277,0.6663
59c83c288dd0d28b.jpg,25,2097,995,614,631,0.4157
59cd765c6a8f0a5e.jpg,22,285,941,547,536,0.6261
59cd765c6a8f0a5e.jpg,15,198,478,624,588,0.6903
59cd765c6a8f0a5e.jpg,22,0,1131,173,210,0.8169
5a130ff58f551254.jpg,26,265,490,94,219,0.7447
5a159d63d37b452b.jpg,26,162,49,108,132,0.3169
5a159d63d37b452b.jpg,16,826,547,130,156,0.4725
5a3f0c44344c8642.jpg,13,593,344,478,221,0.4183
5a455c4e2570d74e.jpg,26,1062,578,233,304,0.3859
5a455c4e2570d74e.jpg,14,464,554,418,1248,0.4878
5a4b20904f00249e.jpg,27,387,34,529,598,0.9029
5aa0f8b93d0b135f.jpg,26,337,240,151,112,0.9745
5ab53b1a2c5857ad.jpg,7,78,1255,2681,1471,0.4637
5aec3eafee93ee98.jpg,10,421,0,85,81,0.4232
5afe564e5acf4126.jpg,21,437,1009,139,119,0.929
5b16303a12edd26e.jpg,11,333,245,70,137,0.9488
5b259e9b383ef286.jpg,21,264,650,183,225,0.9478
5b4701e45dee30a3.jpg,8,131,288,920,883,0.7952
5b47d18ff2fd4b46.jpg,22,0,0,78,178,0.3243
5b47d18ff2fd4b46.jpg,22,405,1719,142,162,0.4777
5b47d18ff2fd4b46.jpg,5,2894,279,315,584,0.8159
5b47d18ff2fd4b46.jpg,7,918,841,617,1189,0.8629
5b47d18ff2fd4b46.jpg,7,2274,977,870,1301,0.9575
5b55868df151cda6.jpg,13,158,352,906,308,0.9867
5b776a2cdd27111c.jpg,8,638,980,203,237,0.3439
5b776a2cdd27111c.jpg,12,643,982,198,236,0.409
5b776a2cdd27111c.jpg,8,1343,1015,66,145,0.596
5bb25ca272a52013.jpg,26,1787,990,261,293,0.3311
5beafedc0a74a1ee.jpg,14,22,11,3438,2233,0.4384
5c0e0286d9725a75.jpg,26,551,1239,125,94,0.3542
5c0e0286d9725a75.jpg,26,1143,1408,154,171,0.4484
5c0e0286d9725a75.jpg,22,1935,1750,232,231,0.784
5c0e0286d9725a75.jpg,15,1141,1563,405,397,0.8783
5c106c85b3ae400f.jpg,1,429,498,197,196,0.9144
5c6c972f00fcb054.jpg,21,828,611,375,372,0.8892
5cc3895481dbf346.jpg,25,979,0,129,355,0.2911
5cc3895481dbf346.jpg,28,440,949,186,278,0.3102
5cc3895481dbf346.jpg,21,446,182,265,270,0.3176
5cc3895481dbf346.jpg,19,1,1108,825,369,0.3324
5cc3895481dbf346.jpg,26,773,640,145,99,0.4142
5cc3895481dbf346.jpg,26,475,347,147,83,0.423
5cc3895481dbf346.jpg,22,773,638,145,102,0.5012
5cc3895481dbf346.jpg,28,0,1107,827,369,0.5105
5cc3895481dbf346.jpg,22,62,776,127,124,0.5339
5cc3895481dbf346.jpg,26,275,0,677,269,0.6854
5cc3895481dbf346.jpg,20,400,659,314,303,0.9743
5ccfec628fa07438.jpg,8,563,181,203,558,0.6111
5cd4d25d942668db.jpg,9,205,490,555,697,0.3155
5cd4d25d942668db.jpg,15,921,1231,132,248,0.914
5d2d0fc827763f65.jpg,14,30,26,858,766,0.9437
5d3c8327fbfd3a60.jpg,26,883,908,110,96,0.3859
5d3c8327fbfd3a60.jpg,13,674,783,253,322,0.6179
5d3c8327fbfd3a60.jpg,1,955,1375,75,75,0.7286
5d3c8327fbfd3a60.jpg,28,1209,1413,165,123,0.7508
5d3c8327fbfd3a60.jpg,28,482,0,303,413,0.7638
5d3c8327fbfd3a60.jpg,22,711,67,913,763,0.9488
5d40d8cb5b9fa50d.jpg,8,459,128,711,603,0.7899
5daa9f805e6359e8.jpg,13,549,515,241,608,0.7582
5de46ada3293d251.jpg,15,444,796,213,510,0.7922
5de46ada3293d251.jpg,15,408,497,192,490,0.8598
5df1e22c8cbe73bc.jpg,14,127,329,475,522,0.941
5df7efed4faa431c.jpg,27,570,453,303,264,0.423
5df7efed4faa431c.jpg,29,570,454,303,264,0.7775
5df7efed4faa431c.jpg,19,570,454,303,264,0.8444
5e2363a59a46d415.jpg,3,259,222,222,296,0.6873
5e2735f140891ee2.jpg,21,893,648,365,324,0.9776
5e2b6200d5ad414b.jpg,19,198,0,284,261,0.2893
5e2b6200d5ad414b.jpg,4,227,529,568,554,0.2923
5e60c6b1822ff4b0.jpg,1,594,372,268,267,0.9497
5e769f1538d39dec.jpg,13,322,491,464,818,0.8954
5ea26246ba209752.jpg,19,1021,735,456,372,0.2504
5ea26246ba209752.jpg,7,153,492,923,499,0.8872
5ea4d725e2810f28.jpg,1,383,131,327,321,0.5795
5eb181b1266cd943.jpg,26,665,314,112,199,0.4047
5ed8caf90db498da.jpg,12,317,547,282,171,0.2987
5ed8caf90db498da.jpg,8,317,547,282,171,0.3079
5ef61e287472732c.jpg,9,291,840,164,163,0.7944
5ef61e287472732c.jpg,13,267,1050,149,293,0.8029
5f15c46096f20911.jpg,19,94,428,575,549,0.7273
5f1af521d7f1eaca.jpg,3,221,407,635,763,0.9821
5f2a255c86f3ab6f.jpg,15,952,242,525,463,0.5041
5f797602c6225d0e.jpg,1,773,988,69,75,0.634
5f797602c6225d0e.jpg,15,499,528,205,114,0.7587
5f889a5852232170.jpg,22,2310,2476,208,175,0.3031
5f889a5852232170.jpg,28,768,2277,319,327,0.3448
5f889a5852232170.jpg,24,1064,922,292,699,0.7708
5f889a5852232170.jpg,22,1113,2259,332,276,0.8416
5f889a5852232170.jpg,28,520,1940,460,243,0.8653
5ff0f4c3233cd4a8.jpg,4,313,295,371,611,0.3486
5ff0f4c3233cd4a8.jpg,27,314,296,371,610,0.5827
600d661712e1de4c.jpg,15,879,0,102,269,0.2986
600d661712e1de4c.jpg,7,843,1390,145,86,0.4163
600d661712e1de4c.jpg,7,640,1275,157,201,0.4328
600d661712e1de4c.jpg,14,161,331,670,973,0.8737
600f03bd24506e73.jpg,5,583,585,156,321,0.8331
60307882cb37e3e0.jpg,1,422,666,197,197,0.8621
6079b6182189ec84.jpg,5,307,571,376,387,0.9634
60c657275dbb4583.jpg,29,320,185,235,166,0.9613
60c8e015dc68b56f.jpg,1,382,559,362,351,0.8981
60ed38e5e85af9e3.jpg,25,0,652,502,307,0.75
60f131df68ecad0d.jpg,19,4,0,1470,229,0.3459
60f131df68ecad0d.jpg,10,707,484,33,139,0.7404
60f131df68ecad0d.jpg,10,810,626,162,116,0.934
60f1593ee3fba570.jpg,13,453,235,162,330,0.9649
614de1ab4f8de4e1.jpg,22,0,1335,213,142,0.3776
614de1ab4f8de4e1.jpg,15,121,1381,316,96,0.5152
614de1ab4f8de4e1.jpg,22,0,1043,163,203,0.525
614de1ab4f8de4e1.jpg,22,0,583,176,429,0.5252
614de1ab4f8de4e1.jpg,13,391,197,372,822,0.5278
614de1ab4f8de4e1.jpg,22,221,856,296,435,0.6563
614de1ab4f8de4e1.jpg,7,779,724,309,385,0.6723
61508ca8d2fe6261.jpg,4,204,293,913,781,0.5832
61b874f039e6280b.jpg,11,615,245,103,247,0.783
61ccbe08b707dad9.jpg,3,19,215,630,769,0.4886
61cec824e649b237.jpg,7,318,356,870,538,0.9321
61eeea5f18a286c7.jpg,8,384,353,319,481,0.3755
62050390a7f4078b.jpg,27,341,526,478,472,0.3037
62050390a7f4078b.jpg,21,342,526,477,472,0.547
6217a33a0177196e.jpg,11,373,491,465,230,0.9587
629039e1642087b9.jpg,26,265,236,231,610,0.9447
62b39f3231e2aa64.jpg,31,465,56,384,516,0.5733
62b87aaddaa98a88.jpg,13,372,495,304,439,0.9444
62d9be019f521e84.jpg,2,144,185,342,290,0.9551
630679d90342ce2a.jpg,10,668,565,70,183,0.9036
630921958cf9a7b2.jpg,26,229,336,494,216,0.3198
633011484f8cd4ba.jpg,6,430,408,716,255,0.9934
6331ff496ee46836.jpg,19,284,366,358,287,0.8946
6356e506e3535f91.jpg,6,94,0,468,309,0.2682
6356e506e3535f91.jpg,26,462,816,90,59,0.3032
6356e506e3535f91.jpg,26,52,18,196,128,0.3298
6356e506e3535f91.jpg,26,669,940,126,167,0.3764
6356e506e3535f91.jpg,26,519,923,167,163,0.5505
6356e506e3535f91.jpg,15,200,386,595,296,0.5989
63ce4da21ba46d7a.jpg,15,395,165,219,923,0.9528
63d5c74cfef50918.jpg,22,983,1430,315,244,0.3909
63d5c74cfef50918.jpg,24,984,1429,311,244,0.4627
63d5c74cfef50918.jpg,14,2906,1339,495,376,0.7126
63eb276d7599fe01.jpg,22,304,487,567,625,0.8971
63f093256c5452d8.jpg,1,779,1143,31,29,0.352
63f093256c5452d8.jpg,1,301,1086,51,50,0.6133
645edb49b7f01069.jpg,22,655,1248,453,229,0.2622
645edb49b7f01069.jpg,14,10,434,1030,1043,0.8511
645fd45ac40cf957.jpg,26,136,744,293,356,0.3045
645fd45ac40cf957.jpg,1,498,427,286,299,0.8656
6462e7db417a043c.jpg,21,351,573,335,322,0.791
647787be0a133ee7.jpg,5,335,327,366,941,0.8836
648c8a6d8bcf77b6.jpg,13,319,215,711,235,0.9424
64a23ce9dbec19f1.jpg,24,948,780,380,171,0.2651
64a23ce9dbec19f1.jpg,22,3273,1357,237,164,0.321
64a23ce9dbec19f1.jpg,22,2274,1792,197,354,0.3717
64a23ce9dbec19f1.jpg,13,2196,2414,323,161,0.5032
64a23ce9dbec19f1.jpg,22,2575,1818,244,309,0.575
64a23ce9dbec19f1.jpg,24,3325,1265,504,552,0.5769
64a23ce9dbec19f1.jpg,22,3303,2548,249,151,0.6946
64a23ce9dbec19f1.jpg,22,3314,1000,483,279,0.79
64f8addde54cfd36.jpg,3,556,519,265,427,0.733
652e34a2399d9dfc.jpg,26,998,253,84,68,0.2633
652e34a2399d9dfc.jpg,26,353,1025,80,80,0.3263
652e34a2399d9dfc.jpg,27,690,0,223,294,0.3637
652e34a2399d9dfc.jpg,26,654,769,96,98,0.4347
652e34a2399d9dfc.jpg,15,73,1242,260,235,0.7309
655493a80c024ed1.jpg,1,485,561,196,195,0.8775
655f13d087576b24.jpg,26,289,380,365,456,0.5007
657764d87a8b1412.jpg,8,1519,847,1322,769,0.924
6592eeed9162542d.jpg,14,357,799,373,679,0.4609
6592eeed9162542d.jpg,19,291,287,571,587,0.6136
661c98ba6ea377b7.jpg,4,558,332,204,215,0.8097
663eb09c33a375a4.jpg,26,557,182,268,382,0.9837
6681ecd1cb49f6ff.jpg,4,546,1000,152,168,0.6657
6681ecd1cb49f6ff.jpg,3,311,699,294,397,0.945
668e62e94d1d957b.jpg,8,80,498,793,717,0.5975
66e07fdd84c95f59.jpg,21,2135,1323,151,131,0.3359
66e07fdd84c95f59.jpg,25,840,2500,372,222,0.3896
66e07fdd84c95f59.jpg,24,841,2497,374,223,0.3972
66e07fdd84c95f59.jpg,24,1770,225,314,116,0.6765
66e07fdd84c95f59.jpg,27,745,2150,326,337,0.7755
66fc30590a560ea2.jpg,5,426,319,100,812,0.8934
6744b1167c20a633.jpg,1,273,438,171,167,0.8916
67910ffb8184d96d.jpg,4,530,834,533,458,0.9237
67a6603417a0719a.jpg,5,623,348,154,615,0.8753
67bd8a8070a7ae38.jpg,13,359,122,235,876,0.9547
67d37ce37f72c7b4.jpg,12,539,406,275,181,0.3241
67ddb05e217b3641.jpg,26,667,180,79,98,0.6818
67ddb05e217b3641.jpg,1,344,183,138,134,0.9116
67e495760d87b85d.jpg,9,807,458,850,494,0.7174
6848ce3b9fcf53be.jpg,15,404,223,148,691,0.9291
684dd9967fd0cf45.jpg,21,486,321,285,300,0.397
686d635e142065e5.jpg,26,260,78,263,376,0.986
6889b08624545933.jpg,13,607,327,100,237,0.8915
68a6a771e147f544.jpg,15,459,197,95,101,0.3166
68a6a771e147f544.jpg,15,485,285,471,601,0.5389
68c3805b54e4005b.jpg,5,863,0,110,1280,0.6239
68c3805b54e4005b.jpg,24,315,402,467,502,0.9854
68f927b46c2c9ecd.jpg,1,2724,841,213,273,0.4221
68f927b46c2c9ecd.jpg,1,712,868,733,685,0.8472
68f927b46c2c9ecd.jpg,1,1962,928,256,262,0.86
68f927b46c2c9ecd.jpg,1,2419,1288,304,297,0.8629
68f927b46c2c9ecd.jpg,1,2476,781,267,271,0.8741
68f927b46c2c9ecd.jpg,1,1934,1528,319,327,0.9191
6906bbe4187c5f0d.jpg,14,0,149,909,1323,0.881
6941e285fe9c4b01.jpg,26,299,127,361,337,0.8745
6968f9958ca6a61c.jpg,1,497,575,209,208,0.9246
699b71a18d3ad727.jpg,26,630,121,102,107,0.3719
69b7702772ac441b.jpg,1,527,939,114,20,0.2508
69b7702772ac441b.jpg,26,335,352,62,62,0.2619
69b7702772ac441b.jpg,26,768,319,70,48,0.3538
69b7702772ac441b.jpg,26,29,596,116,126,0.5161
69bb60792aad7d6f.jpg,8,234,559,543,499,0.9356
69da6dbabe78a52f.jpg,11,545,400,288,380,0.8087
69dcd31de2ed2c52.jpg,26,547,171,207,201,0.4862
69dcd31de2ed2c52.jpg,1,547,171,207,201,0.565
69e4bb60d8cde839.jpg,1,626,328,63,66,0.8895
6a081e42eebcfd21.jpg,14,5,150,879,1019,0.6879
6a144e15e1eb3535.jpg,33,511,353,346,289,0.9821
6a16bd01d92f0573.jpg,5,489,234,123,990,0.8479
6a1fabbe7c12b6ca.jpg,28,746,718,320,281,0.2984
6a1fabbe7c12b6ca.jpg,26,402,0,267,286,0.3714
6a1fabbe7c12b6ca.jpg,13,381,243,412,959,0.9588
6a2b39326eb19292.jpg,23,365,476,389,491,0.7528
6a2b39326eb19292.jpg,12,365,478,389,487,0.7603
6a2db08a8db3d792.jpg,12,378,292,826,535,0.3022
6a2db08a8db3d792.jpg,27,377,293,826,536,0.3365
6a2db08a8db3d792.jpg,26,1301,543,176,236,0.365
6a4dac638c713684.jpg,26,25,898,52,47,0.2536
6a4dac638c713684.jpg,26,592,1044,39,63,0.2622
6a4dac638c713684.jpg,26,933,659,47,69,0.3547
6a4dac638c713684.jpg,26,53,1073,51,35,0.4307
6a4dac638c713684.jpg,28,653,998,68,79,0.4394
6a4dac638c713684.jpg,26,669,894,66,39,0.4395
6a4dac638c713684.jpg,26,704,550,154,82,0.4507
6a4dac638c713684.jpg,26,455,919,127,135,0.4873
6a4dac638c713684.jpg,26,401,651,199,165,0.4903
6a4dac638c713684.jpg,26,0,718,80,91,0.4994
6a4dac638c713684.jpg,1,855,659,79,86,0.5368
6a4dac638c713684.jpg,28,87,978,149,126,0.6048
6a4dac638c713684.jpg,26,1075,567,58,63,0.6493
6a4dac638c713684.jpg,26,948,541,121,84,0.7247
6a4dac638c713684.jpg,26,973,652,141,195,0.795
6a4dac638c713684.jpg,11,750,267,96,193,0.929
6a6dfcfebc351971.jpg,15,371,486,613,358,0.9557
6aa34268692dcca3.jpg,25,486,475,184,674,0.4587
6aa34268692dcca3.jpg,14,486,474,186,678,0.6307
6ab19db4b1996bbc.jpg,15,735,238,200,169,0.544
6ab19db4b1996bbc.jpg,14,1,226,1106,1251,0.921
6af04c76a357b0e7.jpg,26,860,114,100,34,0.9372
6b136c01b8ae2c37.jpg,19,347,603,408,407,0.9516
6b14aef70329f6c5.jpg,13,959,1866,277,753,0.6091
6b18f382a50a5780.jpg,9,374,517,175,82,0.6677
6b18f382a50a5780.jpg,22,129,128,740,333,0.852
6b4768bb14203e79.jpg,28,1786,282,1664,1391,0.4626
6b4768bb14203e79.jpg,14,1644,1333,709,634,0.6043
6b4d80925be28b8e.jpg,26,648,223,308,212,0.5277
6b4d80925be28b8e.jpg,11,806,1099,113,264,0.7607
6b4d80925be28b8e.jpg,26,1105,682,131,92,0.7818
6b4d80925be28b8e.jpg,20,953,1124,243,277,0.8101
6b53d938e4532686.jpg,5,308,416,110,939,0.8229
6b6ac789d81e5a9a.jpg,26,1007,275,121,103,0.3411
6b6ac789d81e5a9a.jpg,7,859,0,617,165,0.4423
6b6ac789d81e5a9a.jpg,26,1268,286,158,174,0.456
6b6ac789d81e5a9a.jpg,7,206,166,923,771,0.6879
6b6ac789d81e5a9a.jpg,22,1116,517,337,282,0.7034
6bb180f573f41ed7.jpg,6,236,684,699,124,0.9174
6be283f7c21f8323.jpg,14,0,5,1024,675,0.9757
6bf80197ae99cb60.jpg,27,327,278,625,799,0.8785
6c52395b93f1ac64.jpg,7,301,0,271,304,0.3775
6c52395b93f1ac64.jpg,15,420,575,164,314,0.8643
6c5ed42c1a21bf9d.jpg,9,333,183,409,1020,0.7924
6c6a898d38db3fb9.jpg,5,214,96,234,973,0.9344
6cb237494e39f447.jpg,19,463,93,103,571,0.4311
6cb237494e39f447.jpg,19,601,1090,94,343,0.5422
6cb237494e39f447.jpg,19,455,88,176,1347,0.5975
6cb38a3f761c0d13.jpg,14,364,0,2657,4019,0.7065
6cb38a3f761c0d13.jpg,15,948,1305,499,1278,0.7145
6cb9d62477879061.jpg,19,452,733,230,110,0.6433
6d48aca919e56d4b.jpg,21,368,477,300,436,0.2532
6d48aca919e56d4b.jpg,22,594,1010,106,99,0.2581
6d48aca919e56d4b.jpg,26,296,251,263,311,0.3492
6d48aca919e56d4b.jpg,25,0,0,421,898,0.4118
6d48aca919e56d4b.jpg,7,341,0,280,228,0.4143
6d48aca919e56d4b.jpg,22,692,539,218,238,0.5415
6d48aca919e56d4b.jpg,28,717,470,391,1007,0.5858
6d48aca919e56d4b.jpg,22,724,974,136,220,0.8055
6d80d4437b5f19a2.jpg,26,159,783,174,168,0.492
6d80d4437b5f19a2.jpg,4,688,996,172,208,0.585
6d80d4437b5f19a2.jpg,22,466,357,249,135,0.7101
6ddffa27d214655e.jpg,1,468,315,153,142,0.8353
6e263e3c2c6ee328.jpg,22,387,284,753,617,0.6223
6e263e3c2c6ee328.jpg,24,300,709,209,211,0.628
6e713ae74a5499eb.jpg,23,106,613,561,568,0.3024
6e713ae74a5499eb.jpg,12,107,613,561,570,0.3931
6e741c5f30e67ff7.jpg,11,493,268,560,234,0.3898
6e76108a3abaacbc.jpg,33,432,614,278,210,0.9565
6ea38fffe6c4a2e8.jpg,13,172,400,957,320,0.6105
6f009cac3e7bced4.jpg,21,762,328,195,184,0.8126
6f0f7202ab248934.jpg,26,495,1323,269,154,0.6314
6f0f7202ab248934.jpg,1,585,578,217,217,0.9144
6f2b37745ad6d2b4.jpg,19,64,204,361,182,0.3267
6f2b37745ad6d2b4.jpg,14,292,444,609,589,0.8065
6fcf30f21a8b0205.jpg,26,411,416,125,81,0.3383
6fcf30f21a8b0205.jpg,26,279,506,196,185,0.4417
6fcf30f21a8b0205.jpg,6,704,493,389,383,0.9181
6fe67cf22d2fcc56.jpg,24,223,245,359,855,0.7649
6ff3aebb99252781.jpg,8,325,698,304,266,0.8971
708903f91b03d054.jpg,19,1649,758,1104,945,0.5617
70dc58f28b2b6ecc.jpg,19,547,556,589,444,0.3031
70dc58f28b2b6ecc.jpg,14,541,533,3449,1910,0.5618
715e0ea09bf127fb.jpg,26,375,536,253,205,0.7347
71674fe2958e15bd.jpg,27,148,332,1647,1022,0.6918
719679facec4dec5.jpg,1,495,585,210,225,0.9181
719ef2338c1de4d2.jpg,6,422,371,537,177,0.5893
719ef2338c1de4d2.jpg,26,422,369,537,176,0.5955
71a846a251826078.jpg,14,759,616,349,782,0.6215
71a846a251826078.jpg,5,287,224,455,909,0.8826
72782ebcc6fc8d29.jpg,26,948,484,76,145,0.3905
72782ebcc6fc8d29.jpg,13,490,148,159,436,0.9551
7287f9064f18fc28.jpg,15,135,330,552,499,0.4259
7287f9064f18fc28.jpg,26,38,834,65,48,0.4391
72913c3d34329185.jpg,6,278,379,220,295,0.438
72913c3d34329185.jpg,6,3,3053,183,423,0.7431
72913c3d34329185.jpg,22,463,153,1687,3389,0.8631
72988b1c44d0e05a.jpg,7,612,0,240,185,0.3046
72988b1c44d0e05a.jpg,22,946,484,213,181,0.4132
72988b1c44d0e05a.jpg,26,948,485,212,179,0.5426
72988b1c44d0e05a.jpg,29,571,460,403,222,0.5477
72988b1c44d0e05a.jpg,22,901,342,204,200,0.7615
72ed8c252a4471bd.jpg,27,329,460,404,326,0.9629
72f54e58427a8a1d.jpg,28,713,658,359,317,0.3106
72f54e58427a8a1d.jpg,26,907,0,201,233,0.3402
72f54e58427a8a1d.jpg,26,848,324,87,103,0.4052
72f54e58427a8a1d.jpg,22,846,325,90,103,0.5952
72f54e58427a8a1d.jpg,2,217,575,129,198,0.6446
72f54e58427a8a1d.jpg,22,0,367,240,703,0.6989
7313d11c3c792a3e.jpg,14,507,340,745,374,0.2583
7313d11c3c792a3e.jpg,15,756,528,125,314,0.9154
734c7a3de901d8f1.jpg,21,576,816,237,238,0.7697
7355d1ddc7c66b1e.jpg,12,585,353,110,142,0.3503
7355d1ddc7c66b1e.jpg,25,771,282,178,80,0.7711
735700055e67676e.jpg,14,61,206,967,1221,0.7594
736320f4b264d4b3.jpg,1,405,566,206,202,0.9361
73a7896a5936b4a7.jpg,9,372,718,66,114,0.3556
73a7896a5936b4a7.jpg,13,363,653,173,192,0.5294
73a7896a5936b4a7.jpg,14,211,1205,347,272,0.5829
73a7896a5936b4a7.jpg,8,221,1072,256,258,0.7532
73a7896a5936b4a7.jpg,12,221,1074,254,254,0.7596
73a7896a5936b4a7.jpg,27,417,453,221,236,0.791
73a7896a5936b4a7.jpg,12,302,164,167,231,0.8212
73be7e017ac0d869.jpg,29,1211,1,1787,1545,0.3885
73be7e017ac0d869.jpg,29,106,1331,2894,2661,0.8522
73bf9cc6814f5c36.jpg,13,903,755,53,75,0.5179
73bf9cc6814f5c36.jpg,15,550,547,72,61,0.5898
7449136666995ac5.jpg,19,2305,1470,351,276,0.3953
7449136666995ac5.jpg,25,2493,361,1538,1736,0.5758
745ebea573b5f3d4.jpg,26,448,0,230,117,0.3323
745ebea573b5f3d4.jpg,26,247,343,126,161,0.5256
745ebea573b5f3d4.jpg,7,420,219,503,725,0.9659
748f5563243be857.jpg,7,581,484,353,198,0.2809
74ad7ab056f271bb.jpg,15,544,607,244,136,0.2707
74ad7ab056f271bb.jpg,22,0,0,327,112,0.3196
74ad7ab056f271bb.jpg,26,535,833,433,260,0.3492
74ad7ab056f271bb.jpg,22,276,915,186,180,0.6449
74ad7ab056f271bb.jpg,13,211,252,1156,382,0.9739
74afbf4b4088c454.jpg,19,344,209,553,426,0.4457
74afbf4b4088c454.jpg,28,343,208,553,426,0.5554
74c4795626e07ec8.jpg,1,348,443,299,287,0.939
750fb9457639cdc5.jpg,7,973,967,2291,882,0.5447
750fb9457639cdc5.jpg,14,974,966,2290,883,0.8069
754231f5b8eac9b2.jpg,6,180,1225,534,265,0.3706
754231f5b8eac9b2.jpg,7,182,1225,535,265,0.5988
754231f5b8eac9b2.jpg,7,135,2038,603,436,0.8986
754231f5b8eac9b2.jpg,12,1856,1737,267,284,0.9192
75940a865c429c19.jpg,15,495,475,137,611,0.8678
75a1fa1c69de1657.jpg,13,224,404,500,649,0.391
75a7a7a3546a5cbf.jpg,24,40,298,667,633,0.9735
75bdc7415eb7d9f5.jpg,5,1948,489,600,1168,0.944
75c7b9a958dfdf2a.jpg,15,9,0,516,138,0.3594
75c7b9a958dfdf2a.jpg,21,858,1115,87,89,0.721
75c7b9a958dfdf2a.jpg,1,407,897,44,43,0.7627
75cec480f4881147.jpg,9,406,667,313,289,0.9743
762d1e72ee8f283f.jpg,25,572,213,222,247,0.2787
762d1e72ee8f283f.jpg,26,595,308,199,154,0.2845
765b08df90341ee5.jpg,21,604,874,277,305,0.5924
76b8312263c6565e.jpg,1,428,390,74,61,0.7926
76c827383b36fa05.jpg,3,321,960,537,400,0.7346
76db385428bcf00e.jpg,21,571,934,407,506,0.366
76f4fd3e6c4db6e6.jpg,15,857,1172,539,1184,0.6322
76f4fd3e6c4db6e6.jpg,15,448,1305,673,1062,0.7091
76f4fd3e6c4db6e6.jpg,15,1126,937,837,993,0.8043
77258ace6f44d1e0.jpg,29,524,338,323,357,0.9206
772e8b459352a2c5.jpg,15,970,938,2048,1861,0.8606
77550dbb6fba35bb.jpg,19,601,331,187,130,0.4755
77550dbb6fba35bb.jpg,1,996,408,120,110,0.8789
77ae6742a263c16f.jpg,15,421,343,697,188,0.96
781653922b10f6e5.jpg,8,273,437,627,477,0.9804
7828b3da5213f5a0.jpg,26,872,253,63,56,0.2765
7828b3da5213f5a0.jpg,26,1025,339,83,80,0.3118
7828b3da5213f5a0.jpg,28,460,209,171,137,0.5191
7828b3da5213f5a0.jpg,22,179,966,511,341,0.7116
7828b3da5213f5a0.jpg,15,361,487,255,396,0.7431
7828b3da5213f5a0.jpg,22,509,248,203,189,0.7488
7835bd232b308149.jpg,7,258,157,364,323,0.9577
7855fe1887d916b1.jpg,14,308,0,352,326,0.4316
7855fe1887d916b1.jpg,13,380,445,325,833,0.9155
7863dfb64e17f9fb.jpg,10,484,462,103,40,0.7612
78b94017fe88a90b.jpg,18,408,583,163,237,0.928
78c05ac5c67f8d0f.jpg,4,197,352,382,467,0.7611
78cf7b6a8e4e5e3f.jpg,19,722,0,386,141,0.7152
78cf7b6a8e4e5e3f.jpg,19,0,987,283,491,0.7646
78cf7b6a8e4e5e3f.jpg,19,184,199,708,810,0.9892
7905ca1a4488fce3.jpg,10,1593,2741,215,333,0.9205
79339bc905f7028e.jpg,14,219,251,2962,2005,0.9066
795f25488aaa014a.jpg,1,1456,959,702,714,0.942
79839114acd51185.jpg,11,429,619,151,222,0.9454
799e51b34b33b409.jpg,12,480,739,399,296,0.4886
799e51b34b33b409.jpg,27,480,740,401,294,0.5171
79ef7e6b538d8a67.jpg,19,767,1282,1241,500,0.5404
7a1b970c5ee726b1.jpg,1,383,716,341,340,0.9666
7a24952bec07e634.jpg,8,544,609,297,347,0.4679
7a6a9aabf38d2564.jpg,19,318,237,260,183,0.3043
7a6a9aabf38d2564.jpg,24,315,237,262,182,0.3265
7a6a9aabf38d2564.jpg,15,462,585,106,331,0.9004
7a7fd3142937b563.jpg,18,478,308,405,503,0.9749
7b0bf35d5994d50d.jpg,26,368,199,433,416,0.3075
7b0bf35d5994d50d.jpg,21,367,199,434,416,0.6113
7b3cce16782c0c47.jpg,21,262,400,569,645,0.8773
7b4caa9c6abd9baa.jpg,13,0,196,584,905,0.9899
7b52a7234394b9d8.jpg,33,922,201,657,946,0.7162
7b54192ff137d1c0.jpg,14,111,1,372,422,0.3145
7b675621a13cff96.jpg,27,0,1258,2998,2560,0.9701
7b92450299b1a7da.jpg,31,145,2,724,673,0.6271
7b988c4a0e9ce583.jpg,19,1091,1725,593,532,0.2714
7b988c4a0e9ce583.jpg,22,0,2215,91,168,0.2821
7b988c4a0e9ce583.jpg,26,2840,154,102,104,0.3004
7b988c4a0e9ce583.jpg,20,335,1486,164,158,0.4575
7b988c4a0e9ce583.jpg,22,64,2511,157,111,0.4884
7b988c4a0e9ce583.jpg,26,1095,1725,586,530,0.5068
7b988c4a0e9ce583.jpg,22,1667,1172,511,539,0.7725
7b988c4a0e9ce583.jpg,28,2065,811,1001,966,0.8093
7b988c4a0e9ce583.jpg,22,1631,1547,777,665,0.9696
7be6dbf13f23bc2d.jpg,12,320,500,500,617,0.817
7be7cd34372cb492.jpg,14,149,90,800,614,0.3102
7be7cd34372cb492.jpg,5,147,88,804,618,0.3667
7c15d524b97370b5.jpg,8,303,496,382,331,0.8519
7c160bbc5e26d550.jpg,9,508,835,299,190,0.9728
7c576a7a43b31ea0.jpg,19,551,471,390,165,0.9156
7c7b2fbb1c48d97c.jpg,1,450,540,182,180,0.9183
7cbe5e2b5113fa63.jpg,10,461,625,146,189,0.9685
7cdd3642b3d4cdc5.jpg,19,120,285,193,151,0.2876
7cdd3642b3d4cdc5.jpg,26,119,285,194,151,0.3008
7cdd3642b3d4cdc5.jpg,1,568,704,76,118,0.6285
7ce75ae98930d42e.jpg,19,33,282,975,1059,0.9718
7ce7f6cc98404a47.jpg,19,436,687,258,193,0.2863
7ce7f6cc98404a47.jpg,7,437,687,257,193,0.3844
7d3a50da10b4203d.jpg,7,355,686,739,414,0.6227
7d720d580b47346e.jpg,1,463,296,202,200,0.8837
7d777d6f070a161b.jpg,24,240,80,438,350,0.3027
7d7e9abad8257ccc.jpg,25,497,791,92,98,0.6889
7dc19035999a6cc8.jpg,19,273,363,687,449,0.8797
7dc8a1b246b0401c.jpg,19,3,264,582,790,0.4524
7dd9b5ae1f4fc2c5.jpg,19,370,231,900,526,0.4355
7dd9b5ae1f4fc2c5.jpg,3,370,230,901,529,0.6845
7e51a696c3418b74.jpg,13,388,578,229,502,0.9577
7e6dededa1b66232.jpg,28,888,1210,87,116,0.2837
7e6dededa1b66232.jpg,11,650,111,87,107,0.2873
7e6dededa1b66232.jpg,26,917,1078,72,73,0.2981
7e6dededa1b66232.jpg,26,425,21,130,51,0.3036
7e6dededa1b66232.jpg,22,0,338,167,625,0.6109
7e6dededa1b66232.jpg,15,567,242,219,204,0.6253
7e6dededa1b66232.jpg,22,517,432,120,124,0.7309
7e6dededa1b66232.jpg,22,750,903,137,102,0.7863
7e6dededa1b66232.jpg,1,544,549,86,86,0.8371
7eadbb334032f434.jpg,13,97,166,559,302,0.4166
7ef3db2aac27a895.jpg,25,418,447,352,513,0.9656
7f01e0ee87fe94d1.jpg,5,637,238,108,395,0.8529
7f1e105a2050b37c.jpg,13,125,149,344,435,0.9518
7f2d6cf6d1defa71.jpg,28,523,488,191,349,0.6216
7f6984e1762bcb7d.jpg,26,0,916,70,157,0.2669
7f6984e1762bcb7d.jpg,7,902,678,83,123,0.3642
7f6984e1762bcb7d.jpg,7,562,321,605,429,0.5584
7f6984e1762bcb7d.jpg,8,562,322,606,428,0.8509
7f70a33b1932b2b8.jpg,25,162,397,395,425,0.7573
7fb72ed8e5d4b437.jpg,19,153,143,1304,1381,0.2982
7fb72ed8e5d4b437.jpg,25,150,144,1305,1378,0.7034
7fd92f26daa25c6f.jpg,22,2769,1851,474,483,0.6062
7fd92f26daa25c6f.jpg,22,1160,640,320,269,0.738
7fd92f26daa25c6f.jpg,22,1460,521,438,376,0.8692
7fd92f26daa25c6f.jpg,22,909,1004,777,402,0.9459
7fde0a67039758f9.jpg,12,776,193,308,444,0.2895
7fde0a67039758f9.jpg,9,777,190,305,445,0.3604
7fde0a67039758f9.jpg,26,117,1021,201,87,0.5205
7fde0a67039758f9.jpg,26,0,1011,90,63,0.7126
7fdfc2a3da3ed06e.jpg,14,2,460,1035,500,0.5199
7fdfc2a3da3ed06e.jpg,15,632,201,174,649,0.7382
800af98670bda91b.jpg,7,0,227,283,549,0.3429
800af98670bda91b.jpg,26,680,796,149,152,0.5712
800af98670bda91b.jpg,15,377,470,394,711,0.868
801d6a00891c2a1d.jpg,4,366,269,339,378,0.9297
80328208f1775ffc.jpg,2,961,454,526,294,0.9436
804a270d8750c0ab.jpg,5,409,380,317,127,0.6541
808877292b3b5751.jpg,22,238,507,278,348,0.4696
80a37c4cc99cc8c4.jpg,26,2097,1671,244,326,0.2528
80a37c4cc99cc8c4.jpg,28,1553,1657,476,282,0.2702
80a37c4cc99cc8c4.jpg,24,818,2591,562,395,0.3339
80a37c4cc99cc8c4.jpg,22,631,2651,193,174,0.3721
80a37c4cc99cc8c4.jpg,24,143,1816,173,216,0.3995
80a37c4cc99cc8c4.jpg,22,0,2714,131,128,0.4365
80a37c4cc99cc8c4.jpg,22,3090,117,340,226,0.4817
80a37c4cc99cc8c4.jpg,22,1285,1640,215,200,0.4976
80a37c4cc99cc8c4.jpg,13,2997,1629,174,331,0.5071
80a37c4cc99cc8c4.jpg,22,734,2162,235,126,0.6061
80a37c4cc99cc8c4.jpg,22,1014,2059,205,164,0.6459
80a37c4cc99cc8c4.jpg,22,3471,979,476,423,0.9357
80a37c4cc99cc8c4.jpg,19,1055,799,1424,957,0.959
80c9707a4ef89774.jpg,11,384,433,491,168,0.3658
80c9707a4ef89774.jpg,26,986,0,104,29,0.445
80c9707a4ef89774.jpg,26,764,3,257,383,0.5353
80c9707a4ef89774.jpg,3,383,432,492,168,0.8059
80faf0353ce076a4.jpg,14,0,54,3995,1835,0.8459
8107651380ee1953.jpg,2,408,470,91,230,0.4808
81560f3c347d377d.jpg,13,529,532,228,606,0.9708
817d5f77d833a092.jpg,4,326,583,296,505,0.8849
817f02beb0f2aed0.jpg,10,494,489,183,84,0.453
81c69b1a092d899d.jpg,14,870,0,238,1399,0.2859
81c806d6535e7cba.jpg,6,604,297,314,508,0.7352
81f6226b5abce156.jpg,18,269,248,761,269,0.967
81faeefd79ce66be.jpg,15,133,368,744,811,0.4837
82035d50e0648d19.jpg,14,351,280,637,557,0.9064
822588a4a782c0dc.jpg,1,390,222,90,85,0.8709
822de7f1e5ce00dd.jpg,22,1329,1171,146,141,0.2595
822de7f1e5ce00dd.jpg,22,2280,872,987,1018,0.3783
822de7f1e5ce00dd.jpg,22,878,1233,325,147,0.4461
822de7f1e5ce00dd.jpg,22,1044,1341,343,246,0.457
822de7f1e5ce00dd.jpg,22,1147,1487,275,152,0.5631
822de7f1e5ce00dd.jpg,22,935,1492,489,514,0.5803
822de7f1e5ce00dd.jpg,3,2280,873,987,1018,0.687
822de7f1e5ce00dd.jpg,28,1211,2177,212,200,0.8787
822de7f1e5ce00dd.jpg,22,881,2307,389,363,0.9479
825ff78cb3dfd1af.jpg,26,288,591,34,61,0.2579
825ff78cb3dfd1af.jpg,14,406,372,850,355,0.6204
829179dcff71c92a.jpg,19,485,400,252,77,0.9363
82ef68a6027c4fd8.jpg,21,210,500,751,553,0.9248
82f0354f7d908460.jpg,33,274,541,567,464,0.9672
830ccf9863079a4a.jpg,14,647,1014,461,465,0.3019
832e2b8212794c45.jpg,13,911,622,311,442,0.3106
832e2b8212794c45.jpg,2,911,622,311,442,0.5418
83306aedc4cafb2c.jpg,13,100,391,699,281,0.7069
83426279be652061.jpg,27,302,390,519,603,0.3921
83780a41bfcfd99b.jpg,13,155,270,214,239,0.2873
83780a41bfcfd99b.jpg,19,247,53,387,335,0.5051
83780a41bfcfd99b.jpg,8,247,53,386,336,0.8853
837bf17efe8af910.jpg,12,387,347,327,241,0.9294
839d6c818cad8028.jpg,22,761,1059,192,148,0.5908
83b5a7460a7de04b.jpg,26,491,1,302,353,0.3661
83b5a7460a7de04b.jpg,21,410,664,183,185,0.9531
83b8688157d7a1e1.jpg,7,464,327,123,114,0.6495
83bdd9696b2977d7.jpg,14,212,159,597,889,0.7922
83c27c5bfa8db51b.jpg,28,223,45,494,593,0.2645
83c27c5bfa8db51b.jpg,15,487,631,114,491,0.4573
83ce9e75b9662777.jpg,21,617,603,258,278,0.5534
841349cb27baeace.jpg,7,313,522,406,557,0.9574
8425b9e8e511fe97.jpg,7,259,106,422,269,0.3743
8425b9e8e511fe97.jpg,8,259,106,422,270,0.5021
8425b9e8e511fe97.jpg,5,115,0,70,225,0.6537
84bbcf29db0bfda1.jpg,17,95,382,925,229,0.3455
84eb8982a3552882.jpg,26,396,438,491,522,0.4766
852c9c278341b53c.jpg,6,193,321,193,248,0.5829
8531dacb2ee4b858.jpg,26,275,340,137,485,0.4312
8531dacb2ee4b858.jpg,19,273,338,139,487,0.4584
859c545ad07bb6c0.jpg,22,408,763,782,709,0.9782
85a7dbd3bd1c9f4d.jpg,26,200,232,83,96,0.2847
85a7dbd3bd1c9f4d.jpg,26,759,1226,198,253,0.4859
85a7dbd3bd1c9f4d.jpg,22,48,641,261,201,0.5964
85a7dbd3bd1c9f4d.jpg,25,2,803,256,184,0.6484
85a7dbd3bd1c9f4d.jpg,2,690,646,310,346,0.7275
85aaeb02db70e6d4.jpg,26,117,133,60,75,0.3488
85aaeb02db70e6d4.jpg,13,341,71,31,73,0.3969
85aaeb02db70e6d4.jpg,28,513,324,56,181,0.6051
85aaeb02db70e6d4.jpg,28,451,77,159,188,0.8061
85ec852356c30024.jpg,14,153,82,519,307,0.8824
865b1282e7982f70.jpg,4,264,371,723,765,0.8103
86907a9f30383d0c.jpg,26,232,705,383,247,0.9454
8693432517a0d360.jpg,21,395,608,339,385,0.9783
86a937aaa7927195.jpg,21,404,952,108,180,0.2508
86a937aaa7927195.jpg,5,509,291,103,478,0.8594
86c5ce69894f1733.jpg,15,158,384,723,666,0.7615
86f89af4bf1b51eb.jpg,26,852,714,96,53,0.2666
86f89af4bf1b51eb.jpg,1,356,694,102,102,0.8935
87228a77f9aa55d6.jpg,7,2,1235,216,271,0.5043
87228a77f9aa55d6.jpg,7,1829,864,814,638,0.8965
873dd05ad919b4f7.jpg,3,218,278,813,355,0.5411
873dd05ad919b4f7.jpg,2,217,278,813,354,0.5536
877d67eb4cd974fa.jpg,8,860,1906,159,463,0.2713
877d67eb4cd974fa.jpg,24,2582,1855,266,182,0.2793
877d67eb4cd974fa.jpg,26,2,2235,314,233,0.2845
877d67eb4cd974fa.jpg,10,2737,2380,99,121,0.369
877d67eb4cd974fa.jpg,10,3345,2214,105,82,0.3727
877d67eb4cd974fa.jpg,23,1719,1342,321,222,0.4488
877d67eb4cd974fa.jpg,23,2264,1532,283,203,0.4611
877d67eb4cd974fa.jpg,24,71,2703,326,203,0.5185
877d67eb4cd974fa.jpg,24,2260,1533,288,203,0.5821
877d67eb4cd974fa.jpg,10,2413,2022,54,114,0.6188
877d67eb4cd974fa.jpg,26,2758,1682,164,231,0.624
877d67eb4cd974fa.jpg,10,3150,2302,124,94,0.6415
88031131d483b752.jpg,21,350,168,214,190,0.9529
884c2ff8acec3b02.jpg,7,578,942,382,337,0.3625
884c2ff8acec3b02.jpg,15,317,221,642,982,0.5767
884c2ff8acec3b02.jpg,15,316,298,242,671,0.8797
888aa56c17cf9e5f.jpg,14,346,0,242,105,0.2875
88a08c135d005c9e.jpg,27,188,481,648,559,0.7531
88b17c7a8a7356d8.jpg,26,630,1062,81,100,0.2712
88b17c7a8a7356d8.jpg,22,276,493,79,74,0.3003
88b17c7a8a7356d8.jpg,3,825,863,222,614,0.314
88b17c7a8a7356d8.jpg,26,729,1117,101,124,0.3491
88b17c7a8a7356d8.jpg,26,553,794,70,82,0.3882
88b17c7a8a7356d8.jpg,26,818,943,89,95,0.4984
88b17c7a8a7356d8.jpg,24,306,599,283,213,0.8373
88b17c7a8a7356d8.jpg,13,824,864,222,613,0.8589
88b17c7a8a7356d8.jpg,9,577,829,258,260,0.9431
88bd85b7c0302cf1.jpg,15,197,483,131,197,0.2949
88bd85b7c0302cf1.jpg,14,21,74,1237,735,0.6647
88e3aa4820f8ea3e.jpg,24,256,636,522,479,0.3176
88e3aa4820f8ea3e.jpg,27,309,646,472,463,0.3358
88e846f4649eced3.jpg,19,115,509,560,434,0.7843
88fb8e7a4d28d045.jpg,20,689,260,327,318,0.9479
892c4c4eed01ee05.jpg,12,322,385,86,98,0.9655
893f72931251e5ed.jpg,26,0,35,39,71,0.2758
893f72931251e5ed.jpg,26,599,454,24,58,0.3073
893f72931251e5ed.jpg,26,357,313,52,59,0.5426
893f72931251e5ed.jpg,26,575,181,72,117,0.6506
893f72931251e5ed.jpg,11,261,304,121,266,0.9587
895cfd7b473ff3e1.jpg,5,549,369,525,254,0.2715
895cfd7b473ff3e1.jpg,15,64,50,202,56,0.6946
895cfd7b473ff3e1.jpg,9,258,498,293,164,0.9473
89d866c7a1dad3a0.jpg,1,516,291,331,334,0.7615
89d866c7a1dad3a0.jpg,26,774,252,234,152,0.7888
8a05884497730832.jpg,9,1036,759,71,131,0.3957
8a05884497730832.jpg,22,401,673,413,311,0.7674
8a274c94c891bb0c.jpg,7,375,5,586,781,0.9806
8a480351a99a4cc7.jpg,29,533,193,287,460,0.4953
8a70352e47f519f3.jpg,21,333,702,204,210,0.3793
8a70352e47f519f3.jpg,24,285,272,176,366,0.4719
8a914b966d842da4.jpg,10,409,715,162,259,0.8856
8ac853afc74af2df.jpg,26,2064,2664,419,350,0.3519
8ac853afc74af2df.jpg,26,1083,2448,995,1006,0.3782
8ac853afc74af2df.jpg,29,1087,2450,989,1003,0.4486
8ac853afc74af2df.jpg,27,525,303,281,404,0.515
8ad08e4a3970d0e8.jpg,22,507,158,434,784,0.7169
8ae2865a5736a806.jpg,13,197,531,539,589,0.9615
8b12a1545ab599b4.jpg,13,0,711,130,97,0.5499
8b12a1545ab599b4.jpg,22,109,375,618,862,0.8919
8b5f25597cf48be4.jpg,5,409,128,323,722,0.7983
8b7808cf5e22823f.jpg,14,0,0,981,1477,0.9436
8b802cecb50f9abc.jpg,33,259,135,383,308,0.9899
8b99abd3e0c448dd.jpg,13,247,423,757,545,0.9606
8b9bb0f4786f6677.jpg,12,195,222,583,249,0.9246
8bee14ebd07276d0.jpg,4,129,444,519,576,0.3459
8bee14ebd07276d0.jpg,21,127,446,522,580,0.5805
8c0be2acdaae297b.jpg,5,300,376,980,100,0.8379
8c114f0a74b294f2.jpg,1,80,638,250,239,0.5197
8c114f0a74b294f2.jpg,20,80,639,249,238,0.6402
8c131af99ea43f25.jpg,14,147,11,855,1462,0.8945
8c19db6ece8cdade.jpg,3,1298,935,1691,787,0.9637
8c1f5c11690a4ef4.jpg,15,695,489,324,307,0.6867
8c7b966eaab22950.jpg,1,491,235,196,195,0.9205
8c99a107e4a3d3a3.jpg,26,367,590,425,475,0.9134
8cd1842825c47c74.jpg,1,278,487,204,213,0.903
8d08cff6d9a06972.jpg,7,596,286,493,588,0.4193
8d1eeee24d21b3b9.jpg,14,1,0,905,1477,0.8974
8d24cc551070a9f2.jpg,5,391,86,482,746,0.9583
8d65d520997bcd85.jpg,6,288,164,264,120,0.559
8d65d520997bcd85.jpg,18,289,164,262,119,0.6073
8d68120ad96edcd7.jpg,21,396,678,272,348,0.9159
8d7738f56c405e57.jpg,19,381,731,480,433,0.9345
8e2248593b173779.jpg,26,120,577,150,116,0.408
8e2248593b173779.jpg,13,520,708,153,271,0.8608
8e227e2f77842b34.jpg,1,450,766,269,306,0.9182
8e3e493b5c3a5618.jpg,7,210,877,333,594,0.4701
8e61ab7ca0cc1395.jpg,9,497,320,776,571,0.9411
8e9027cf8375a8ab.jpg,26,705,0,136,131,0.2676
8e9027cf8375a8ab.jpg,6,3425,1407,151,266,0.3559
8e9027cf8375a8ab.jpg,26,1999,799,183,268,0.4573
8e9027cf8375a8ab.jpg,7,3274,1418,162,161,0.6516
8e9027cf8375a8ab.jpg,4,1070,630,387,212,0.6637
8ed462b12da9a957.jpg,14,33,308,1075,983,0.8869
8efef3ba36eaf607.jpg,19,329,725,221,136,0.2519
8f0db823490fbc94.jpg,15,348,717,331,130,0.9548
8f3e8f9eb7717c48.jpg,8,595,761,122,131,0.263
8f3e8f9eb7717c48.jpg,12,594,762,122,130,0.2994
8f3e8f9eb7717c48.jpg,7,365,563,151,160,0.8287
8fa5bf22065eff9f.jpg,3,1164,1237,187,756,0.2996
8fa5bf22065eff9f.jpg,2,1164,1238,188,755,0.3841
8fa5bf22065eff9f.jpg,26,892,2437,489,390,0.8358
8ffe7da07b8d8d57.jpg,14,370,185,323,1014,0.5507
90122691086c82a1.jpg,5,2368,984,108,615,0.3118
90122691086c82a1.jpg,5,1779,1410,168,314,0.3509
90122691086c82a1.jpg,7,2389,1656,230,270,0.8463
90122691086c82a1.jpg,7,2455,186,627,593,0.9205
9033e445505399df.jpg,19,777,882,202,357,0.2545
9033e445505399df.jpg,26,438,783,271,391,0.2845
9033e445505399df.jpg,21,778,884,198,354,0.6102
905e65eaaf8bbd7f.jpg,2,780,666,318,316,0.7918
90648b4eecd0baea.jpg,14,0,1,1461,1069,0.3146
90648b4eecd0baea.jpg,9,1168,492,263,190,0.4363
906cfeb726e7f154.jpg,27,279,291,551,760,0.9851
90c9bcf367d8cb2f.jpg,26,709,1051,178,158,0.3172
90c9bcf367d8cb2f.jpg,22,711,1050,176,159,0.3228
90c9bcf367d8cb2f.jpg,15,933,1550,267,296,0.3992
90c9bcf367d8cb2f.jpg,24,137,889,701,653,0.4008
90c9bcf367d8cb2f.jpg,25,533,245,442,687,0.971
90cef0f440e2ba71.jpg,20,271,1363,230,114,0.2775
90cef0f440e2ba71.jpg,13,471,498,189,501,0.9351
90d7719f730b7858.jpg,8,502,317,182,239,0.7691
90ec9d3a5195250a.jpg,26,875,609,233,470,0.4862
90f80eaee9bec0aa.jpg,11,323,878,245,500,0.7697
90f80eaee9bec0aa.jpg,11,324,366,284,217,0.9729
90fc63e86d90d91a.jpg,7,372,237,243,294,0.9427
9116a5041d0bc9b1.jpg,27,478,700,437,769,0.308
9116a5041d0bc9b1.jpg,4,479,700,432,770,0.3262
91a18ae8c677685a.jpg,1,479,661,164,159,0.9171
91c30522589dd977.jpg,11,238,430,465,710,0.9668
91d089d10e2480b3.jpg,5,107,861,361,296,0.6662
91e88628be6d3d88.jpg,12,590,138,256,475,0.8264
92079ed7ac27f5d4.jpg,29,395,55,379,213,0.3217
92079ed7ac27f5d4.jpg,22,393,53,381,215,0.4815
92079ed7ac27f5d4.jpg,15,157,301,583,872,0.9018
922afd67dae2bea4.jpg,1,432,555,166,165,0.4501
9282a65ea60b1adc.jpg,14,250,6,3778,2251,0.7741
9287583191a84e56.jpg,4,233,544,437,592,0.812
92b01e738cb592f8.jpg,25,199,507,147,182,0.387
92b01e738cb592f8.jpg,14,1,0,1106,1474,0.8184
92cda530bdfd21ff.jpg,26,322,135,111,124,0.3803
92cda530bdfd21ff.jpg,5,398,732,413,205,0.9023
92d050ff636769b3.jpg,15,164,469,1127,300,0.9821
92edf407f3dc40da.jpg,14,365,1,1028,774,0.6403
931bd12e73b40975.jpg,14,6,1186,128,188,0.5531
936535c01abbbb76.jpg,5,277,496,842,106,0.9073
937bfccaa8c8da6c.jpg,7,1649,1270,630,586,0.8947
93a8664b75c070ab.jpg,1,452,214,368,381,0.76
93adfae204b8056a.jpg,19,208,93,417,395,0.7099
93b2dcde3d41a6f6.jpg,2,525,434,441,185,0.2775
93b2dcde3d41a6f6.jpg,3,525,434,440,184,0.743
93d8350c15f69de9.jpg,14,157,422,859,646,0.9093
93dcaf6c95d32301.jpg,14,1296,753,243,270,0.6458
94071640c404f867.jpg,28,0,0,169,500,0.2972
94071640c404f867.jpg,22,410,723,289,221,0.9239
94071640c404f867.jpg,22,506,411,262,341,0.9241
940cdb0801ccc1f7.jpg,20,514,236,334,589,0.6177
942aa31602b9c973.jpg,1,670,899,220,235,0.7975
942d9dde961e2bec.jpg,21,1,355,106,103,0.3986
942d9dde961e2bec.jpg,24,0,579,100,189,0.6957
943e0a97cbbdaec9.jpg,7,1039,0,591,462,0.8859
944233943193124a.jpg,13,403,444,340,659,0.7984
946467bfd225edfc.jpg,11,600,435,337,400,0.9553
94935d5a076a4d2d.jpg,9,251,376,516,452,0.9102
94c3bc8b5a918b07.jpg,19,216,140,541,501,0.2636
94c3bc8b5a918b07.jpg,24,215,138,541,504,0.4055
94c3bc8b5a918b07.jpg,26,215,139,541,503,0.5066
94ca43b1a2eb7482.jpg,22,1795,676,704,286,0.2968
94ca43b1a2eb7482.jpg,22,2527,1412,292,279,0.3588
94ca43b1a2eb7482.jpg,22,1793,1929,353,326,0.5254
94ca43b1a2eb7482.jpg,22,1024,1829,357,272,0.5793
94ca43b1a2eb7482.jpg,22,1343,229,269,306,0.9036
94ca43b1a2eb7482.jpg,22,2517,787,300,246,0.9163
94d56bb08c0c46bc.jpg,14,841,179,636,929,0.3637
94d56bb08c0c46bc.jpg,14,38,177,1436,931,0.5043
94d8b13fd2070915.jpg,8,141,90,692,1222,0.9542
94e987dc42f9398a.jpg,22,227,1257,694,220,0.2718
94e987dc42f9398a.jpg,9,345,303,248,694,0.5008
94fdaeb245c12cd7.jpg,26,290,1059,113,137,0.3997
94fdaeb245c12cd7.jpg,22,280,1205,248,272,0.8184
94fdaeb245c12cd7.jpg,15,406,398,366,549,0.9545
951449b05635d76f.jpg,16,505,679,219,380,0.9939
953b82995c72824e.jpg,26,879,684,33,30,0.3428
953b82995c72824e.jpg,26,538,508,127,147,0.8134
953b82995c72824e.jpg,22,710,14,234,211,0.8395
953b82995c72824e.jpg,13,442,765,119,246,0.8542
9554ec53df67f7f3.jpg,14,0,0,1081,1195,0.8928
956249788f943b8b.jpg,1,1264,478,266,270,0.9542
95631d989026e36c.jpg,20,373,537,385,417,0.9011
959f5391dab351b8.jpg,13,4,312,398,555,0.9688
95aa3d244954e6b1.jpg,11,1049,487,59,121,0.2631
95aa3d244954e6b1.jpg,26,924,2,96,113,0.2656
95aa3d244954e6b1.jpg,15,457,147,119,85,0.629
95aa3d244954e6b1.jpg,3,387,343,413,624,0.9256
95d11968c49aa798.jpg,3,302,198,245,198,0.7611
9611ab7f6afd6cd1.jpg,7,480,746,166,116,0.2724
9611ab7f6afd6cd1.jpg,7,477,556,470,317,0.6003
962a6bc42f5caf72.jpg,8,287,724,367,333,0.9589
964a21e0fdff6ac3.jpg,7,213,587,688,590,0.9575
965fe3dee43fce45.jpg,13,186,326,106,112,0.9025
96851f6e1c31b188.jpg,9,804,468,1026,478,0.3889
96851f6e1c31b188.jpg,12,805,468,1024,475,0.5458
968e18139d16c467.jpg,5,312,162,446,382,0.9704
969d02d5603f1abd.jpg,1,619,588,187,165,0.9208
96c02b814d67a945.jpg,23,313,426,481,684,0.4272
97216f46839b9c0f.jpg,14,394,574,338,381,0.859
9779c0f2baedf434.jpg,19,675,1425,547,632,0.2907
9779c0f2baedf434.jpg,26,1881,986,356,289,0.3339
9779c0f2baedf434.jpg,27,678,1426,545,629,0.3477
9779c0f2baedf434.jpg,26,1606,1718,275,322,0.3999
9779c0f2baedf434.jpg,28,3199,2063,249,175,0.7703
979f65132d971088.jpg,14,0,0,1108,1477,0.957
97a069e74c38702e.jpg,8,218,542,887,549,0.8686
97b8997bf674ff8b.jpg,7,446,302,196,218,0.9708
97b90ee4ff0db830.jpg,5,547,608,207,666,0.947
97cc158b62f32e80.jpg,9,585,517,474,497,0.2869
9828de42bde91a3b.jpg,15,544,497,299,227,0.2954
9828de42bde91a3b.jpg,20,546,498,297,223,0.3666
983d3ca74b2fd8e4.jpg,22,2298,2683,257,234,0.2867
983d3ca74b2fd8e4.jpg,22,2025,200,218,306,0.3121
983d3ca74b2fd8e4.jpg,22,1764,499,126,274,0.313
983d3ca74b2fd8e4.jpg,22,616,1766,264,163,0.326
983d3ca74b2fd8e4.jpg,13,2461,1139,270,288,0.3612
983d3ca74b2fd8e4.jpg,13,866,2198,255,313,0.3873
983d3ca74b2fd8e4.jpg,22,3261,1021,225,139,0.477
983d3ca74b2fd8e4.jpg,22,1232,1503,202,207,0.5131
983d3ca74b2fd8e4.jpg,22,986,1609,344,241,0.5357
983d3ca74b2fd8e4.jpg,22,592,2353,208,193,0.5653
983d3ca74b2fd8e4.jpg,22,1561,903,353,180,0.7442
983d3ca74b2fd8e4.jpg,22,2173,251,362,222,0.7443
983d3ca74b2fd8e4.jpg,22,2908,1254,259,236,0.8637
983d3ca74b2fd8e4.jpg,28,2017,343,812,1167,0.8925
983d3ca74b2fd8e4.jpg,22,133,2240,460,410,0.9055
983d3ca74b2fd8e4.jpg,24,1687,1656,375,372,0.9957
98a330d71e46866d.jpg,13,222,384,935,331,0.9716
98c04594ccf3dfc7.jpg,15,693,1016,206,420,0.9417
991edb6eb7a3a4f4.jpg,8,75,446,545,480,0.9136
9935751e80c5ede6.jpg,15,326,423,937,238,0.9729
99487d31c2be3847.jpg,14,519,400,463,495,0.3046
998c129fa9ba8582.jpg,8,357,173,472,513,0.9615
9994003a05a8c0c5.jpg,13,310,438,249,743,0.8938
99a20059db834a1c.jpg,9,957,522,122,156,0.3969
99a20059db834a1c.jpg,13,1184,537,133,177,0.6552
99a20059db834a1c.jpg,24,424,311,174,181,0.6849
99bbd8f3d8daef48.jpg,14,187,83,700,586,0.9312
99bf970b05f30812.jpg,7,526,367,311,378,0.5112
99c05424b5e021e8.jpg,17,262,486,812,233,0.909
99dc5ed92324c620.jpg,11,476,897,75,191,0.9183
99df45666d89ee44.jpg,26,138,585,220,215,0.2744
99df45666d89ee44.jpg,8,320,573,418,615,0.8711
9a0e52951ab4664c.jpg,14,328,266,779,1178,0.6119
9a1968d2c80b836a.jpg,24,1,1842,1203,619,0.4736
9a1968d2c80b836a.jpg,19,1275,1235,1064,1317,0.7754
9a1ac353e9c52748.jpg,21,686,316,309,414,0.4684
9a4195445c94b3be.jpg,21,474,686,323,212,0.9764
9a4904f89fb372eb.jpg,1,351,705,288,284,0.9352
9a5a37b4cc2045b8.jpg,26,524,405,71,88,0.2527
9a5a37b4cc2045b8.jpg,22,547,390,279,272,0.3018
9a6479776fd3f41a.jpg,8,342,610,146,191,0.8458
9ad5c31806b4dbc0.jpg,1,574,908,389,385,0.9568
9adb6c78d86bcc23.jpg,33,252,420,554,701,0.9919
9af3b28bae122f08.jpg,13,472,161,282,912,0.9815
9b1f3f028af9c2e0.jpg,26,760,340,83,66,0.7529
9b38d4c889305821.jpg,8,432,317,195,151,0.9293
9b4edb848df4f068.jpg,1,610,779,56,48,0.3971
9b4edb848df4f068.jpg,19,650,479,91,111,0.7804
9b4edb848df4f068.jpg,10,622,584,76,64,0.8491
9ba4d7dbcbe744bd.jpg,5,294,834,384,349,0.2846
9ba4d7dbcbe744bd.jpg,1,540,628,108,114,0.5953
9bf1bbd109628f57.jpg,19,1015,2,93,267,0.3028
9bf1bbd109628f57.jpg,9,434,540,159,221,0.9471
9bfef1bc597055fa.jpg,26,48,935,141,154,0.2647
9bfef1bc597055fa.jpg,26,0,187,145,291,0.2747
9bfef1bc597055fa.jpg,26,509,836,65,81,0.314
9bfef1bc597055fa.jpg,26,1377,634,100,124,0.3648
9bfef1bc597055fa.jpg,26,112,828,140,162,0.3881
9bfef1bc597055fa.jpg,26,297,0,199,59,0.4353
9bfef1bc597055fa.jpg,28,0,877,54,96,0.4514
9bfef1bc597055fa.jpg,28,589,1019,96,88,0.5213
9bfef1bc597055fa.jpg,2,465,396,552,505,0.5416
9bfef1bc597055fa.jpg,26,0,303,230,238,0.5658
9bfef1bc597055fa.jpg,11,466,396,551,501,0.5805
9bfef1bc597055fa.jpg,26,580,260,159,141,0.5977
9bfef1bc597055fa.jpg,26,692,716,200,249,0.7769
9bfef1bc597055fa.jpg,26,148,475,373,241,0.7967
9bfef1bc597055fa.jpg,28,340,203,268,262,0.9189
9c1e9024bc43aab8.jpg,12,566,488,138,96,0.278
9c1e9024bc43aab8.jpg,24,889,492,374,340,0.5234
9c1e9024bc43aab8.jpg,27,407,476,182,113,0.8399
9c28cd7d861ac6d5.jpg,13,622,402,480,246,0.9544
9c3dbea7944022a4.jpg,21,930,75,285,231,0.3353
9c3dbea7944022a4.jpg,21,1275,1086,263,316,0.4708
9c3dbea7944022a4.jpg,4,1276,1087,262,315,0.4914
9c3dbea7944022a4.jpg,4,930,74,285,232,0.6001
9c508e4ec614e2f0.jpg,24,186,522,239,310,0.9066
9c5b5864d2f16915.jpg,8,444,520,180,416,0.6105
9c5d272ae7982ee0.jpg,19,224,432,256,317,0.3926
9c5d272ae7982ee0.jpg,26,225,432,255,317,0.6976
9c69e8851f7f702f.jpg,18,352,715,524,230,0.9586
9c918e3b043ddcfd.jpg,19,640,735,144,237,0.4065
9c918e3b043ddcfd.jpg,26,640,736,144,236,0.7631
9cd65ec48066f40d.jpg,14,228,451,571,564,0.3259
9d1cbc210b1f92a2.jpg,26,826,451,118,100,0.3087
9d1cbc210b1f92a2.jpg,24,190,318,587,480,0.5146
9d1cbc210b1f92a2.jpg,3,192,319,584,480,0.5445
9d1fe10d89776bd0.jpg,14,903,289,189,271,0.546
9d1fe10d89776bd0.jpg,1,520,722,97,76,0.8101
9d4b461009c52bd4.jpg,14,12,213,1051,1253,0.8142
9d612c86699237d9.jpg,3,58,335,922,1070,0.6427
9da08a940c075d27.jpg,14,204,1030,681,248,0.2511
9da08a940c075d27.jpg,14,148,80,938,1309,0.2763
9da08a940c075d27.jpg,14,142,122,901,498,0.5629
9da08a940c075d27.jpg,15,484,1073,177,152,0.6096
9da08a940c075d27.jpg,15,245,547,212,123,0.7795
9da79d3c44f470ab.jpg,1,475,668,82,84,0.8606
9dafdb4282b7e9fa.jpg,9,819,505,653,474,0.3621
9dd131e3c01d40f6.jpg,8,148,402,595,727,0.5931
9dd131e3c01d40f6.jpg,12,151,422,592,707,0.6213
9de5cca8123ffbed.jpg,8,405,367,264,818,0.3097
9de5cca8123ffbed.jpg,7,0,698,222,632,0.3976
9de5cca8123ffbed.jpg,7,408,368,260,821,0.5162
9dfb129faf150db6.jpg,1,593,1135,62,51,0.5028
9dfb129faf150db6.jpg,4,445,586,150,266,0.5136
9e0adc4aea0720a6.jpg,13,238,271,577,823,0.9595
9e3b7dbb0330d09c.jpg,20,314,176,215,208,0.6931
9e3b7dbb0330d09c.jpg,19,314,177,215,207,0.7194
9e7956076555244a.jpg,26,582,1344,126,134,0.3579
9e7956076555244a.jpg,1,256,341,122,157,0.4511
9e7956076555244a.jpg,3,414,169,557,372,0.5797
9e7956076555244a.jpg,2,389,567,512,300,0.6076
9e7956076555244a.jpg,1,336,862,178,178,0.9388
9e890b5ddb340ef4.jpg,26,430,640,63,41,0.2719
9e890b5ddb340ef4.jpg,26,111,522,49,65,0.3047
9e890b5ddb340ef4.jpg,15,267,414,87,99,0.7504
9e890b5ddb340ef4.jpg,22,653,213,235,166,0.881
9f2f59ad0c25dea0.jpg,8,448,129,582,638,0.9509
9f3b68d2c697df02.jpg,1,441,223,206,258,0.4825
9f3e854c1b233b1c.jpg,5,375,372,361,802,0.9543
9f6e1266f61089cd.jpg,26,2673,1482,212,393,0.2866
9f6e1266f61089cd.jpg,26,2839,1063,117,243,0.3352
9f6e1266f61089cd.jpg,28,953,9,1810,2068,0.4517
9f6e1266f61089cd.jpg,19,959,11,1804,2079,0.5671
9f6e1266f61089cd.jpg,14,1,939,1119,1000,0.6222
9fa00a76e54c150a.jpg,22,2190,1570,304,174,0.3471
9fa00a76e54c150a.jpg,28,3081,888,569,402,0.359
9fa00a76e54c150a.jpg,22,2706,2178,163,276,0.3598
9fa00a76e54c150a.jpg,22,2399,1947,267,207,0.5101
9fa00a76e54c150a.jpg,24,439,2003,622,332,0.5429
9fa00a76e54c150a.jpg,22,0,2164,212,537,0.5551
9fa00a76e54c150a.jpg,22,0,0,967,215,0.6941
9fa00a76e54c150a.jpg,22,1398,261,365,321,0.7245
9fa00a76e54c150a.jpg,22,1978,1147,497,425,0.7485
9fa00a76e54c150a.jpg,22,0,869,351,299,0.7701
9fa00a76e54c150a.jpg,22,1812,1507,299,222,0.7897
9fa00a76e54c150a.jpg,22,834,0,701,469,0.9356
9fb3aabffe581e10.jpg,5,0,1145,2047,390,0.3143
9fb3aabffe581e10.jpg,25,864,395,564,654,0.9476
9fc68b0a41906ed1.jpg,16,358,375,357,56,0.9369
9fdfc3dd18989172.jpg,13,1330,160,257,591,0.8272
9fdfc3dd18989172.jpg,24,0,335,151,349,0.8498
9fdfc3dd18989172.jpg,22,946,2038,622,763,0.8705
9fdfc3dd18989172.jpg,24,1735,1857,473,338,0.9184
9fdfc3dd18989172.jpg,22,1125,3160,534,711,0.9469
9fdfc3dd18989172.jpg,24,149,15,363,444,0.9804
a03db1cf9d5ea70c.jpg,26,416,783,243,153,0.7094
a0a594024967b9be.jpg,7,3377,1840,521,428,0.4612
a0a594024967b9be.jpg,7,1836,474,615,1167,0.8902
a0c13de7a7d87062.jpg,11,265,515,540,346,0.9819
a0e53cf0c4ac7796.jpg,8,313,175,238,189,0.8854
a0ebfc9836887a3b.jpg,15,373,501,390,678,0.8943
a0fb7e2fd3878bcc.jpg,14,1,0,1021,1477,0.9442
a128362ac3bff0cc.jpg,9,463,1161,442,239,0.8249
a13e7164a293beb1.jpg,19,305,399,536,671,0.594
a13e7164a293beb1.jpg,24,309,399,533,669,0.7385
a13e7164a293beb1.jpg,10,221,579,84,161,0.8967
a15909ef7b6e983e.jpg,22,1286,1411,161,195,0.261
a15909ef7b6e983e.jpg,22,719,2021,205,125,0.3363
a15909ef7b6e983e.jpg,22,3860,2593,139,163,0.4523
a15909ef7b6e983e.jpg,22,1988,2846,169,150,0.465
a15909ef7b6e983e.jpg,22,672,1841,288,185,0.783
a15909ef7b6e983e.jpg,24,897,1780,448,221,0.7961
a15909ef7b6e983e.jpg,22,1948,2064,233,284,0.8886
a15909ef7b6e983e.jpg,22,2795,1493,799,523,0.948
a176a787b0098a24.jpg,1,277,622,268,270,0.9456
a187b46c57057c9a.jpg,3,182,416,585,832,0.6157
a1954645daccfd74.jpg,26,166,725,223,105,0.3095
a1954645daccfd74.jpg,22,920,551,188,319,0.3701
a1954645daccfd74.jpg,28,387,412,401,188,0.5954
a1d2dd3e8f93d22d.jpg,14,0,184,729,1291,0.9216
a1dd94c6636bbe88.jpg,15,335,202,387,1052,0.9487
a21bd40fc29f6294.jpg,22,1483,1702,243,132,0.3087
a21bd40fc29f6294.jpg,22,1112,1017,286,193,0.3337
a21bd40fc29f6294.jpg,22,714,1567,223,159,0.3892
a21bd40fc29f6294.jpg,28,622,1821,197,140,0.4744
a21bd40fc29f6294.jpg,26,2001,2077,157,165,0.4845
a21bd40fc29f6294.jpg,4,3645,2522,324,161,0.5115
a21bd40fc29f6294.jpg,22,1354,1268,281,243,0.8318
a21bd40fc29f6294.jpg,28,0,193,867,1113,0.8932
a2364dc0a449a8f4.jpg,22,307,567,456,146,0.5196
a2364dc0a449a8f4.jpg,29,307,568,454,144,0.5971
a236b9d020b075e8.jpg,1,382,173,412,431,0.4829
a27155399a3aa960.jpg,26,575,733,49,54,0.9511
a2a7d2086e3923ff.jpg,13,1551,1561,961,346,0.9433
a2e87033f6a9b05f.jpg,26,499,312,314,252,0.9357
a3320859770b1707.jpg,24,116,550,135,284,0.2829
a3320859770b1707.jpg,33,610,315,117,90,0.4006
a3320859770b1707.jpg,15,261,912,180,188,0.6379
a3320859770b1707.jpg,15,299,592,305,345,0.9283
a3330465e1852c18.jpg,19,234,28,856,669,0.316
a3330465e1852c18.jpg,29,235,28,854,670,0.6206
a37e08b0d9ad0d90.jpg,7,768,149,115,164,0.3138
a3b8ea3ecbaf6a61.jpg,10,449,527,307,145,0.8206
a3b8ea3ecbaf6a61.jpg,10,354,547,432,227,0.9693
a3bdc40f34566f0d.jpg,22,935,50,189,145,0.3789
a3bdc40f34566f0d.jpg,1,890,279,274,295,0.4995
a443c0696cd675e4.jpg,4,216,521,578,647,0.8736
a46f9b2d55980525.jpg,5,2223,75,168,123,0.2556
a46f9b2d55980525.jpg,7,724,278,148,93,0.278
a46f9b2d55980525.jpg,7,1338,568,185,218,0.3002
a46f9b2d55980525.jpg,5,1614,1484,328,51,0.355
a46f9b2d55980525.jpg,7,900,112,120,196,0.3778
a46f9b2d55980525.jpg,5,1612,1279,462,258,0.4152
a46f9b2d55980525.jpg,7,957,1045,319,319,0.468
a46f9b2d55980525.jpg,20,479,737,455,333,0.6366
a46f9b2d55980525.jpg,27,2502,917,542,585,0.8123
a4746a033f154a1f.jpg,14,161,534,569,438,0.856
a49f78ebe4f1eb43.jpg,24,0,791,356,317,0.4028
a49f78ebe4f1eb43.jpg,5,1152,422,170,307,0.5407
a4ace32f7516a0cb.jpg,13,349,163,438,1030,0.8586
a5347da3beac17cc.jpg,14,1059,452,415,290,0.6949
a5347da3beac17cc.jpg,15,928,722,487,253,0.959
a5365f6860c28f3e.jpg,3,459,337,674,395,0.8951
a558bdc687d8c05c.jpg,19,244,366,659,580,0.8151
a55fbf4dec613aee.jpg,26,746,36,52,122,0.5283
a5d9fb85023fae9e.jpg,17,175,415,101,137,0.2637
a607c602d52c959e.jpg,11,643,1180,144,85,0.4421
a607c602d52c959e.jpg,5,337,649,494,281,0.9671
a6111d812b9e75e1.jpg,1,527,666,131,137,0.9128
a6152a8dbbe62c0b.jpg,13,572,195,218,232,0.5166
a6152a8dbbe62c0b.jpg,13,452,312,183,133,0.7689
a6152a8dbbe62c0b.jpg,13,161,265,206,95,0.8722
a653584c8d564df4.jpg,19,44,337,673,669,0.8912
a68a540c747ac8df.jpg,3,2128,995,473,851,0.5525
a68a540c747ac8df.jpg,22,2127,998,475,852,0.7203
a6ad77e76a13aca2.jpg,17,459,614,51,177,0.9246
a6d2fc5cf16cbb1e.jpg,19,887,1187,996,831,0.2533
a6d2fc5cf16cbb1e.jpg,28,2814,0,924,220,0.3696
a6e328813b9c31de.jpg,3,430,289,248,731,0.2921
a6f408e64f50810c.jpg,1,304,424,432,402,0.9524
a710806df9749275.jpg,5,3204,1936,513,108,0.4305
a710806df9749275.jpg,1,1139,1288,117,102,0.6189
a710806df9749275.jpg,4,2243,816,529,352,0.7018
a710806df9749275.jpg,26,699,681,369,441,0.7412
a71afc677bf19698.jpg,1,315,616,170,173,0.9244
a72526f8a051ea0f.jpg,26,911,618,164,74,0.5265
a72526f8a051ea0f.jpg,21,457,664,379,361,0.8985
a72640b048feb987.jpg,22,2523,1823,194,284,0.3871
a72640b048feb987.jpg,7,2250,0,771,748,0.4741
a72640b048feb987.jpg,28,8,1581,452,439,0.4889
a74f7cc7b50f7a29.jpg,8,387,622,463,689,0.6068
a77f52a70a69e658.jpg,13,514,1187,720,321,0.9362
a78247628867bd41.jpg,26,855,698,29,38,0.3418
a78247628867bd41.jpg,22,322,668,135,153,0.4083
a78247628867bd41.jpg,22,843,808,179,367,0.6487
a78247628867bd41.jpg,22,823,0,285,231,0.8245
a78247628867bd41.jpg,22,405,244,106,112,0.8573
a78247628867bd41.jpg,22,576,265,125,280,0.8806
a7a09f1611cdb2a2.jpg,26,559,0,182,141,0.5101
a7a09f1611cdb2a2.jpg,20,223,571,449,419,0.8606
a7cca613461c3b55.jpg,19,943,2258,1384,1462,0.3151
a7cca613461c3b55.jpg,23,940,2260,1386,1460,0.5247
a7ff9115076d2aa4.jpg,15,176,277,471,573,0.8909
a8057fa616983b06.jpg,1,506,309,121,118,0.8825
a80912c1aa65e0cc.jpg,26,749,219,56,130,0.2705
a80912c1aa65e0cc.jpg,26,237,657,104,108,0.2884
a80912c1aa65e0cc.jpg,26,403,0,241,183,0.3117
a80912c1aa65e0cc.jpg,26,268,73,62,83,0.3438
a80912c1aa65e0cc.jpg,26,957,238,87,128,0.403
a80912c1aa65e0cc.jpg,26,218,375,149,82,0.4511
a80912c1aa65e0cc.jpg,26,556,1375,190,102,0.5356
a80912c1aa65e0cc.jpg,26,0,62,129,351,0.5745
a80912c1aa65e0cc.jpg,28,0,389,342,288,0.5762
a80912c1aa65e0cc.jpg,26,1050,1387,48,88,0.6762
a80912c1aa65e0cc.jpg,26,983,23,125,307,0.682
a80912c1aa65e0cc.jpg,26,68,678,138,109,0.7042
a80912c1aa65e0cc.jpg,26,880,995,159,214,0.7485
a80912c1aa65e0cc.jpg,26,216,194,292,263,0.7701
a81bb9c167d0ac45.jpg,10,543,774,68,115,0.9364
a8362446d5f4a2de.jpg,19,367,34,461,664,0.3847
a8362446d5f4a2de.jpg,26,366,32,462,668,0.5488
a858c70d6c5359fa.jpg,21,320,462,512,585,0.6847
a872aa72ddbead24.jpg,26,965,781,352,160,0.3708
a872aa72ddbead24.jpg,19,965,779,352,162,0.4285
a872aa72ddbead24.jpg,22,310,481,319,399,0.9576
a88ab4f5c7c26c70.jpg,13,309,486,565,525,0.2659
a8bf4155df543b59.jpg,14,65,733,437,376,0.3038
a8bf4155df543b59.jpg,19,425,365,551,309,0.5833
a8caeef342b0daae.jpg,28,1192,462,88,89,0.388
a8caeef342b0daae.jpg,26,1123,658,125,112,0.6332
a8caeef342b0daae.jpg,11,615,444,101,223,0.9497
a9213a53920b914f.jpg,12,285,645,369,181,0.9805
a956b41cdd4ee62e.jpg,15,434,475,262,433,0.3057
a956b41cdd4ee62e.jpg,22,403,318,98,178,0.4428
a956b41cdd4ee62e.jpg,28,3,199,1105,589,0.4939
a956b41cdd4ee62e.jpg,22,391,588,600,547,0.8982
a9b75cfb2aa1a792.jpg,14,15,69,420,156,0.4368
a9b75cfb2aa1a792.jpg,26,913,325,69,124,0.485
a9bc6391cc090d24.jpg,3,119,96,478,412,0.266
a9e438009ff6dfba.jpg,3,104,226,717,908,0.9234
a9ea5187ee6fe9cd.jpg,14,9,298,1072,1178,0.3379
a9ea5187ee6fe9cd.jpg,14,261,336,562,667,0.3982
a9fd25540917ebb9.jpg,2,254,198,338,237,0.8621
aa1ce4ad00820611.jpg,24,484,814,437,517,0.3473
aa1ce4ad00820611.jpg,21,484,816,436,513,0.487
aa1e8fd446a02ecc.jpg,21,485,534,228,225,0.3006
aa1e8fd446a02ecc.jpg,27,485,534,228,226,0.8246
aa2051f8d6a82e93.jpg,14,355,208,499,990,0.3242
aa5f0172dc12fff9.jpg,5,242,315,184,567,0.2828
aa5f0172dc12fff9.jpg,17,244,315,179,566,0.5982
aa9c2efdefbe69ba.jpg,18,583,601,74,783,0.8756
aaa9ae74cd57cd44.jpg,8,444,151,207,352,0.8559
aab34ad3d127796f.jpg,7,376,246,314,307,0.9862
aabbfd0d85b40efa.jpg,2,364,450,403,209,0.5877
aacebd87cc016830.jpg,1,449,298,341,338,0.9593
aafa99c3cbee268d.jpg,14,43,845,244,293,0.4755
aafa99c3cbee268d.jpg,27,796,1162,208,270,0.6722
aafa99c3cbee268d.jpg,15,164,583,542,590,0.6832
aafa99c3cbee268d.jpg,7,265,1247,260,229,0.7794
aafa99c3cbee268d.jpg,13,893,655,215,170,0.7903
abee72998a3d55f6.jpg,26,372,19,495,678,0.54
ac4012a6a1474d8e.jpg,1,541,829,156,159,0.9187
ac79266d6e98f851.jpg,15,408,558,374,235,0.9063
ac86cfe82db8d782.jpg,1,635,819,111,114,0.8504
ac9111277916322f.jpg,5,512,1287,2039,1754,0.5109
ac9ec99adacd53ae.jpg,2,326,187,436,1283,0.2692
acac6b71187e54f0.jpg,18,470,254,617,451,0.9062
ad15a08d31bf9d39.jpg,1,334,316,32,34,0.7202
ad2f569adb15d2a6.jpg,26,361,290,329,223,0.9119
ada526117e7b5fcd.jpg,15,514,201,66,57,0.3808
ada526117e7b5fcd.jpg,15,564,425,254,228,0.3843
adbe76394b0d1bdc.jpg,13,531,388,203,546,0.9111
ade2bcf7f40cd00a.jpg,26,911,672,89,69,0.3993
ade2bcf7f40cd00a.jpg,10,626,507,76,97,0.8959
adf6e5d7a0ea3c63.jpg,2,472,432,200,540,0.7728
adfd74b54f417e2e.jpg,26,565,106,188,401,0.984
ae027ad09b76185d.jpg,10,418,565,24,40,0.4892
ae027ad09b76185d.jpg,8,225,319,136,76,0.804
ae10317caf0b744b.jpg,9,289,380,328,486,0.4381
ae3008dffcfe38b2.jpg,25,158,331,159,93,0.9239
aefc503c2a47571e.jpg,14,1,198,1279,749,0.8179
af1a59ca49df76ac.jpg,5,751,0,203,1479,0.3969
af3d69fc0bd9aaa8.jpg,19,489,593,334,529,0.9012
af79be58fc7a4319.jpg,19,799,364,246,261,0.296
af79be58fc7a4319.jpg,21,798,364,247,261,0.3139
af79be58fc7a4319.jpg,30,268,323,269,232,0.5162
af79be58fc7a4319.jpg,19,725,112,93,280,0.528
afed0738f3b59b9e.jpg,14,1,128,1254,756,0.8126
aff2d4e217394277.jpg,22,628,1024,1059,1893,0.5528
afff0659b0b63f21.jpg,21,485,320,147,136,0.735
b00043375959c7ce.jpg,5,374,774,796,360,0.9675
b006f6b90ba49baa.jpg,20,223,1374,132,103,0.2898
b006f6b90ba49baa.jpg,24,859,1224,203,253,0.2956
b006f6b90ba49baa.jpg,25,298,1313,96,115,0.2988
b006f6b90ba49baa.jpg,7,0,262,146,175,0.7339
b033a5bf547e30e2.jpg,13,162,627,820,419,0.9524
b0568378d69c98fc.jpg,22,604,1422,266,166,0.6619
b0568378d69c98fc.jpg,22,1430,339,1045,1937,0.7708
b0a5b9a2fffbdf54.jpg,19,409,608,666,218,0.5962
b0bef524ad6454f1.jpg,19,13,176,515,784,0.2754
b0bef524ad6454f1.jpg,6,12,176,516,783,0.2895
b132a7b43d233b31.jpg,1,413,219,193,183,0.9463
b1401b316ceab2af.jpg,9,476,459,253,491,0.7702
b15d509b4fbc267b.jpg,21,274,547,276,256,0.9609
b164799b0cff4bbb.jpg,22,156,58,743,620,0.5101
b1be0b87ed084df2.jpg,15,41,1274,228,154,0.3092
b1be0b87ed084df2.jpg,16,35,97,1033,1242,0.399
b1be0b87ed084df2.jpg,14,440,19,365,150,0.4805
b1f0486a84255f7b.jpg,13,507,678,294,153,0.9643
b1fe7471120706c6.jpg,7,2421,930,231,100,0.4192
b2188569d68c9e29.jpg,19,131,255,574,531,0.5502
b239274780467640.jpg,1,427,533,176,185,0.9406
b2503ff92e117320.jpg,28,2666,1000,484,450,0.3778
b2503ff92e117320.jpg,1,2286,1638,150,145,0.4117
b2503ff92e117320.jpg,22,2168,443,180,225,0.5288
b2503ff92e117320.jpg,3,3642,40,327,205,0.5576
b2503ff92e117320.jpg,28,1392,524,607,474,0.8199
b2be3b61e3289da5.jpg,8,527,304,1174,876,0.9728
b2dac6f53e8604f0.jpg,27,389,472,489,506,0.5648
b305a70bbdbe7609.jpg,6,1434,1087,992,529,0.9768
b3173faae4b816a8.jpg,11,681,704,102,303,0.9523
b36ce441d7232230.jpg,21,303,733,293,343,0.4295
b36ce441d7232230.jpg,33,303,734,293,342,0.4638
b36f9f1eca872b75.jpg,3,416,233,475,304,0.8827
b379e7384846c3fb.jpg,8,124,461,450,372,0.4156
b379e7384846c3fb.jpg,7,124,461,451,373,0.7494
b3a7188594bbac9b.jpg,5,463,230,589,199,0.61
b3a7188594bbac9b.jpg,5,597,1809,575,105,0.7083
b3a7188594bbac9b.jpg,5,885,451,214,157,0.7697
b3dc50718c3d9dd1.jpg,28,3363,1293,119,190,0.7182
b3dc50718c3d9dd1.jpg,28,3213,2071,232,306,0.8034
b3dc50718c3d9dd1.jpg,28,2955,1103,446,430,0.8419
b3dc50718c3d9dd1.jpg,22,388,549,2104,2153,0.8998
b3fd953100741b53.jpg,11,303,357,112,79,0.9629
b3ff58d82e6f8a19.jpg,19,491,438,171,171,0.5601
b3ff58d82e6f8a19.jpg,3,130,110,798,341,0.7561
b403a1059ac6df5b.jpg,8,111,0,765,256,0.5944
b403a1059ac6df5b.jpg,8,51,241,1026,723,0.8932
b40e6cc6762da199.jpg,9,528,249,777,708,0.9792
b483f669e5a7726a.jpg,26,569,539,78,77,0.2757
b483f669e5a7726a.jpg,28,823,221,97,136,0.3106
b483f669e5a7726a.jpg,28,3,1006,117,107,0.3107
b483f669e5a7726a.jpg,26,375,201,50,89,0.453
b483f669e5a7726a.jpg,26,685,258,34,41,0.4791
b483f669e5a7726a.jpg,26,883,772,162,81,0.4835
b483f669e5a7726a.jpg,26,609,512,48,39,0.5404
b483f669e5a7726a.jpg,26,212,164,43,96,0.5495
b483f669e5a7726a.jpg,26,572,478,35,70,0.5856
b483f669e5a7726a.jpg,22,938,1346,139,89,0.6454
b483f669e5a7726a.jpg,26,685,344,114,115,0.7439
b483f669e5a7726a.jpg,15,428,545,68,178,0.8246
b483f669e5a7726a.jpg,26,549,809,70,87,0.8392
b483f669e5a7726a.jpg,15,727,365,233,136,0.9547
b4c23d472c583e4e.jpg,13,500,955,73,61,0.2637
b4c23d472c583e4e.jpg,26,922,146,46,35,0.3848
b4c23d472c583e4e.jpg,21,405,978,133,147,0.4223
b4c23d472c583e4e.jpg,4,405,979,133,147,0.4372
b4dccde6a54d7384.jpg,13,323,706,262,361,0.8254
b4e406b51701b342.jpg,7,486,761,225,451,0.8393
b5225e3d463cb9a3.jpg,10,438,436,278,129,0.856
b52c3206a4cc4294.jpg,15,807,629,494,292,0.9535
b53e72e264ce481d.jpg,15,252,304,804,236,0.945
b566c63920a2429c.jpg,26,552,513,72,85,0.3334
b566c63920a2429c.jpg,1,188,287,186,192,0.88
b566c63920a2429c.jpg,1,328,499,168,167,0.8841
b59de7bbdeb08969.jpg,5,418,86,317,601,0.9092
b5baec1eb7f95468.jpg,21,2008,1049,347,300,0.2816
b5baec1eb7f95468.jpg,8,2010,1049,344,300,0.399
b5baec1eb7f95468.jpg,8,2573,1018,280,371,0.4291
b5baec1eb7f95468.jpg,8,1054,1327,396,352,0.6729
b5e61fba0c31d032.jpg,19,486,633,381,253,0.259
b5e61fba0c31d032.jpg,22,376,479,220,123,0.3505
b5e61fba0c31d032.jpg,22,3797,1855,234,331,0.4972
b5e61fba0c31d032.jpg,28,3499,2326,532,319,0.5891
b5e61fba0c31d032.jpg,28,1723,2529,505,493,0.6146
b5e61fba0c31d032.jpg,22,934,842,494,377,0.727
b5e61fba0c31d032.jpg,22,617,406,402,181,0.7556
b5e61fba0c31d032.jpg,22,457,1074,524,371,0.8337
b5e61fba0c31d032.jpg,28,0,1287,385,796,0.834
b5e61fba0c31d032.jpg,22,492,757,591,325,0.9093
b5e61fba0c31d032.jpg,22,2721,1109,1053,768,0.9385
b5e61fba0c31d032.jpg,22,1030,781,1828,1082,0.9455
b5e61fba0c31d032.jpg,22,620,2010,446,490,0.9505
b619604960dd180a.jpg,24,456,731,586,235,0.5462
b619604960dd180a.jpg,10,645,512,84,55,0.8656
b619604960dd180a.jpg,21,31,622,254,180,0.9729
b6322c112bab25ea.jpg,1,661,948,290,279,0.9183
b6afe2b668d40c96.jpg,22,1051,399,237,103,0.272
b6afe2b668d40c96.jpg,24,2768,2026,276,586,0.3459
b6afe2b668d40c96.jpg,22,1585,1327,229,259,0.4222
b6afe2b668d40c96.jpg,22,2088,2043,250,342,0.876
b6afe2b668d40c96.jpg,22,2112,2437,554,540,0.9268
b6afe2b668d40c96.jpg,25,914,877,782,920,0.9724
b6bc6a767c0a4b2d.jpg,2,343,90,115,339,0.9088
b75b0b05286ee14a.jpg,28,932,721,61,47,0.3056
b75b0b05286ee14a.jpg,5,0,0,556,565,0.4562
b75b0b05286ee14a.jpg,26,424,196,284,315,0.5534
b760c6b4f5ac4daf.jpg,3,566,414,275,218,0.5838
b76baf8d88d0d775.jpg,13,355,214,565,893,0.9764
b7979daeffccceeb.jpg,9,492,476,622,213,0.3168
b7979daeffccceeb.jpg,26,178,919,89,134,0.4293
b7ac79efb311442d.jpg,27,372,126,610,538,0.346
b7feed18528bb5e2.jpg,15,240,441,526,510,0.84
b81242f198a80cef.jpg,16,412,694,163,104,0.9874
b8143cd9e4547677.jpg,14,349,302,426,167,0.9529
b81465f211e2fb1f.jpg,27,466,745,287,271,0.5969
b8304fcd1c56fa2f.jpg,12,316,606,609,393,0.4497
b8304fcd1c56fa2f.jpg,8,317,606,610,394,0.6591
b865026b456b47ab.jpg,8,442,1005,1987,2532,0.2637
b865026b456b47ab.jpg,19,439,1003,1988,2527,0.7032
b8a2b47b184fd250.jpg,3,281,37,422,1198,0.8789
b8bc53a2882f0f35.jpg,13,1129,1705,831,285,0.8968
b8bc53a2882f0f35.jpg,13,1543,1482,809,296,0.9178
b8d971d9c5898300.jpg,1,1008,1203,79,91,0.2599
b8d971d9c5898300.jpg,22,173,1881,151,161,0.4443
b8d971d9c5898300.jpg,24,287,988,163,292,0.6194
b8d971d9c5898300.jpg,25,517,850,573,405,0.9639
b8e1db5f216be94d.jpg,21,506,126,90,91,0.8612
b8e1db5f216be94d.jpg,4,220,222,248,205,0.8918
b8f470df707f3f1f.jpg,9,488,631,420,340,0.9272
b90ee195ea8b4411.jpg,14,296,230,602,796,0.7083
b9495f4354ec798c.jpg,13,349,425,171,171,0.4137
b9495f4354ec798c.jpg,26,978,126,140,198,0.4239
b9495f4354ec798c.jpg,26,751,428,90,106,0.4493
b9495f4354ec798c.jpg,28,78,906,101,98,0.4532
b9495f4354ec798c.jpg,26,617,331,111,139,0.5268
b9495f4354ec798c.jpg,22,190,899,162,116,0.574
b9495f4354ec798c.jpg,26,427,884,119,73,0.5872
b9495f4354ec798c.jpg,20,0,169,103,160,0.7589
b9495f4354ec798c.jpg,20,1,363,174,152,0.8338
b9495f4354ec798c.jpg,1,856,411,149,150,0.8818
b959531c9c0e1947.jpg,13,1146,505,139,242,0.9163
b9ae799506d6acd6.jpg,1,209,481,68,65,0.6122
b9ae799506d6acd6.jpg,14,156,93,538,446,0.9451
b9cbd9affa6eac23.jpg,5,475,256,173,1155,0.8228
ba0382c6770fbdfd.jpg,26,383,162,474,447,0.3215
ba21a7ed224ab9a0.jpg,5,478,589,599,75,0.8471
ba5638d264b9f77b.jpg,21,1725,1408,387,388,0.4492
ba6b48049034634d.jpg,21,316,81,413,503,0.2614
ba6b48049034634d.jpg,7,316,82,416,491,0.3023
ba6b48049034634d.jpg,26,961,944,138,148,0.3337
ba6b48049034634d.jpg,26,945,777,161,144,0.3704
ba6b48049034634d.jpg,27,310,671,408,319,0.702
ba9a1ea553183f0f.jpg,9,418,555,272,235,0.596
bacaf6e6fd41e780.jpg,13,2138,1935,229,92,0.7556
bb093947cc5b3e0f.jpg,8,338,39,367,574,0.4438
bb4a6d1e1e2c7685.jpg,13,101,72,315,1311,0.9116
bb74fc6018ece57d.jpg,26,458,267,254,312,0.7755
bb903f82817088c5.jpg,19,303,616,258,382,0.983
bbaf179c35c5481b.jpg,3,430,312,636,491,0.7499
bbd25902b7bfd46d.jpg,26,4,689,530,776,0.4316
bbd68f9fee51acf1.jpg,1,610,1529,117,121,0.7976
bbd68f9fee51acf1.jpg,33,424,295,529,272,0.9555
bc3bf54e26e088e0.jpg,29,341,385,123,208,0.3886
bc3bf54e26e088e0.jpg,22,342,385,122,209,0.3953
bc3bf54e26e088e0.jpg,14,101,375,788,689,0.5856
bc3bf54e26e088e0.jpg,15,763,582,104,78,0.5965
bc4c6c100e26785f.jpg,26,976,288,132,75,0.3853
bc4c6c100e26785f.jpg,9,2860,1834,235,445,0.4381
bc4c6c100e26785f.jpg,8,731,1365,734,666,0.8004
bc757aa0d404506b.jpg,12,158,104,764,462,0.8961
bc98b1c44176db96.jpg,1,566,374,150,146,0.92
bce0ce3d2223802d.jpg,1,566,290,319,326,0.4949
bd0b0c9b0466d636.jpg,26,398,913,67,108,0.2783
bd0b0c9b0466d636.jpg,26,0,228,66,37,0.3084
bd0b0c9b0466d636.jpg,25,145,0,555,356,0.3157
bd0b0c9b0466d636.jpg,26,326,772,147,151,0.3175
bd0b0c9b0466d636.jpg,26,303,898,45,63,0.3188
bd0b0c9b0466d636.jpg,26,869,69,91,65,0.341
bd0b0c9b0466d636.jpg,26,827,146,159,82,0.3419
bd0b0c9b0466d636.jpg,26,29,523,57,58,0.3517
bd0b0c9b0466d636.jpg,26,1049,219,106,87,0.3552
bd0b0c9b0466d636.jpg,26,0,271,14,72,0.3571
bd0b0c9b0466d636.jpg,26,717,620,85,78,0.3588
bd0b0c9b0466d636.jpg,26,291,488,49,40,0.3889
bd0b0c9b0466d636.jpg,26,617,711,57,35,0.3923
bd0b0c9b0466d636.jpg,26,186,27,162,126,0.4072
bd0b0c9b0466d636.jpg,26,154,177,44,29,0.4327
bd0b0c9b0466d636.jpg,26,589,48,109,111,0.4626
bd0b0c9b0466d636.jpg,26,681,698,151,83,0.5025
bd0b0c9b0466d636.jpg,26,154,570,81,97,0.5726
bd0b0c9b0466d636.jpg,26,479,887,78,79,0.6173
bd0b0c9b0466d636.jpg,26,978,528,151,63,0.6216
bd0b0c9b0466d636.jpg,26,475,758,51,68,0.6386
bd0b0c9b0466d636.jpg,26,358,827,138,112,0.7214
bd0b0c9b0466d636.jpg,26,47,770,150,103,0.7427
bd0b0c9b0466d636.jpg,11,671,273,237,290,0.8366
bd0b0c9b0466d636.jpg,25,317,0,373,142,0.8672
bd40fa2d3bd08c20.jpg,26,431,237,61,56,0.308
bd40fa2d3bd08c20.jpg,7,611,260,113,250,0.8654
bd499faf0190b565.jpg,8,369,392,92,510,0.57
bd76b4cb216bc663.jpg,10,1209,2047,131,42,0.4526
bd76b4cb216bc663.jpg,12,960,2207,178,107,0.8602
bdbcf148cdc480d4.jpg,8,310,509,465,708,0.4235
bded837c40b63024.jpg,22,484,203,759,530,0.4836
bded837c40b63024.jpg,15,65,387,546,720,0.5915
be1f2b29b759d210.jpg,13,606,772,238,588,0.9362
be3ba93173775ddb.jpg,5,253,516,1021,175,0.8734
be5e475da7952302.jpg,5,850,1015,218,174,0.2506
be5e475da7952302.jpg,14,458,586,243,281,0.2678
be6894107fdbfccf.jpg,15,2077,907,996,1434,0.7637
be6894107fdbfccf.jpg,15,1269,1053,1107,1109,0.8298
be6f4051fd1d9120.jpg,21,368,1048,208,219,0.3029
be6f4051fd1d9120.jpg,13,157,612,184,244,0.3494
be6f4051fd1d9120.jpg,25,439,437,184,150,0.3602
be6f4051fd1d9120.jpg,1,0,145,45,66,0.3778
be94dd19876d3928.jpg,13,0,1,253,379,0.3242
be94dd19876d3928.jpg,7,626,0,653,380,0.6655
bec3f47aebfb7e56.jpg,27,155,195,861,1034,0.9802
becc73f4b4718a66.jpg,23,953,2283,1082,900,0.9565
bee71096e6f116b4.jpg,14,80,0,1027,1476,0.9249
bf18c89e5b6d188a.jpg,9,100,252,858,245,0.5852
bf6a1f04742ae562.jpg,14,328,0,1131,989,0.9378
bfc0bcf468615b8d.jpg,22,120,463,71,55,0.4655
bfc0bcf468615b8d.jpg,22,317,342,222,210,0.7767
bfc0bcf468615b8d.jpg,22,357,220,120,124,0.8379
bfead18f3c181084.jpg,13,290,178,233,245,0.843
c0136ba1ebea3268.jpg,26,935,638,63,36,0.2531
c0136ba1ebea3268.jpg,13,741,723,189,154,0.3037
c0136ba1ebea3268.jpg,13,582,747,222,119,0.3176
c0136ba1ebea3268.jpg,26,1047,517,34,51,0.3329
c0136ba1ebea3268.jpg,28,266,471,161,172,0.3709
c0136ba1ebea3268.jpg,28,947,719,116,108,0.3805
c0136ba1ebea3268.jpg,28,982,719,77,71,0.3966
c0136ba1ebea3268.jpg,2,256,801,80,143,0.5829
c0136ba1ebea3268.jpg,28,235,973,203,225,0.6467
c0136ba1ebea3268.jpg,3,255,800,81,145,0.7561
c0136ba1ebea3268.jpg,28,593,603,223,187,0.9027
c05b497ecd8e9886.jpg,26,1028,1274,80,158,0.3562
c05b497ecd8e9886.jpg,26,552,872,316,364,0.4218
c05b497ecd8e9886.jpg,13,520,530,454,404,0.7455
c05b497ecd8e9886.jpg,26,82,170,227,170,0.7609
c0d202631a3efbdb.jpg,14,334,439,369,301,0.3122
c0d202631a3efbdb.jpg,14,810,645,381,111,0.4507
c0d202631a3efbdb.jpg,14,326,439,865,321,0.5389
c0f3d8d6d799b49b.jpg,14,234,1222,351,254,0.2582
c0f3d8d6d799b49b.jpg,14,510,162,308,1266,0.5225
c15ff411c468c2fa.jpg,7,419,343,629,439,0.8837
c17c3e8febc7440d.jpg,1,561,219,231,240,0.9403
c17cf6e8346af595.jpg,15,147,73,276,176,0.7622
c17cf6e8346af595.jpg,13,339,565,503,561,0.9396
c1a8e0e37c7ba156.jpg,14,550,427,229,290,0.3439
c1b294de74f004eb.jpg,14,275,441,555,992,0.6228
c1b294de74f004eb.jpg,15,395,245,169,245,0.8416
c1b69e4973fae299.jpg,2,328,159,270,255,0.7106
c1e532106f12e45b.jpg,26,107,304,1000,834,0.988
c215a7651d601087.jpg,10,861,35,54,83,0.3742
c215a7651d601087.jpg,8,265,472,608,277,0.4372
c21fb5ecf07e636e.jpg,14,164,304,931,805,0.8198
c21fb5ecf07e636e.jpg,1,762,125,207,203,0.8801
c23bc5da33ff51cd.jpg,8,548,265,2453,1624,0.6864
c330cef046eef2a6.jpg,24,418,571,303,281,0.2506
c3831adc75543929.jpg,26,188,273,48,64,0.3558
c3831adc75543929.jpg,19,390,538,267,254,0.8114
c393ed9578aeeb0d.jpg,26,507,513,121,146,0.5382
c393ed9578aeeb0d.jpg,10,486,704,64,159,0.923
c394a0c0e9e2281f.jpg,28,301,387,830,310,0.4958
c3bee5a48709ba85.jpg,22,459,612,220,92,0.6782
c410149911a2ced5.jpg,22,896,595,212,622,0.2757
c410149911a2ced5.jpg,26,580,1095,86,110,0.3255
c410149911a2ced5.jpg,26,605,306,71,95,0.44
c410149911a2ced5.jpg,26,743,1388,124,84,0.4513
c410149911a2ced5.jpg,26,147,538,248,134,0.471
c410149911a2ced5.jpg,8,207,686,247,361,0.4947
c410149911a2ced5.jpg,26,45,803,190,165,0.5972
c410149911a2ced5.jpg,26,0,1254,161,151,0.6711
c417654f789f45ce.jpg,6,129,568,538,258,0.9823
c4193b0c1ce2f978.jpg,22,862,288,160,148,0.323
c4193b0c1ce2f978.jpg,26,2872,360,218,462,0.4824
c4193b0c1ce2f978.jpg,22,2092,1830,216,177,0.5341
c421a630cfa78ce8.jpg,8,3522,559,318,206,0.34
c42bc0a3e51ef38e.jpg,22,1091,2552,295,216,0.3467
c42bc0a3e51ef38e.jpg,22,56,380,360,238,0.4874
c42bc0a3e51ef38e.jpg,22,1728,1876,206,264,0.5492
c42bc0a3e51ef38e.jpg,28,1418,1584,250,89,0.5585
c42bc0a3e51ef38e.jpg,24,1930,1121,346,302,0.5605
c42bc0a3e51ef38e.jpg,22,1442,1946,308,177,0.6778
c42bc0a3e51ef38e.jpg,22,0,180,187,373,0.7677
c42bc0a3e51ef38e.jpg,22,2405,2285,395,247,0.8052
c42bc0a3e51ef38e.jpg,22,251,0,514,283,0.8828
c43ff68a8ee34802.jpg,17,521,398,290,62,0.5333
c43ff68a8ee34802.jpg,1,338,178,86,90,0.82
c45449bc7fd2a465.jpg,12,262,694,357,334,0.6026
c46469f3304e7bd5.jpg,7,1222,2422,541,696,0.2702
c52800592eb13c61.jpg,11,411,641,271,390,0.9511
c52b4a670a2baf13.jpg,10,427,780,42,47,0.8769
c5856a70f340fa10.jpg,13,460,104,665,577,0.619
c58cbff3322d4694.jpg,10,2068,1814,193,157,0.4954
c58cbff3322d4694.jpg,10,1673,2072,230,130,0.6931
c58cbff3322d4694.jpg,10,1021,1392,108,220,0.8425
c6107d868646d4b2.jpg,1,536,185,51,65,0.2703
c6107d868646d4b2.jpg,19,411,158,622,532,0.9332
c625ff7ff11e6c93.jpg,14,526,681,221,122,0.7344
c637e47f130a88fd.jpg,1,557,682,226,218,0.6403
c637e47f130a88fd.jpg,24,789,753,319,277,0.9167
c6536c4277256256.jpg,5,780,796,23,121,0.2744
c6536c4277256256.jpg,19,599,825,167,128,0.4229
c687c5fc1e77c08d.jpg,7,208,275,274,225,0.9728
c6d53e6fd2970437.jpg,27,500,526,148,141,0.2573
c6d53e6fd2970437.jpg,15,401,350,233,209,0.6825
c6dc5db6ddeb55d2.jpg,19,577,683,59,284,0.5092
c6e7eaa6e0136607.jpg,26,893,652,156,167,0.5808
c6e7eaa6e0136607.jpg,26,735,816,433,291,0.8809
c6e7eaa6e0136607.jpg,1,700,243,174,204,0.9594
c6f9c8c9db28225a.jpg,2,2040,1126,1035,706,0.3863
c6f9c8c9db28225a.jpg,3,2041,1127,1033,707,0.4061
c74d5e8ce23bbb51.jpg,1,200,229,79,75,0.5565
c74d5e8ce23bbb51.jpg,25,344,748,326,317,0.9901
c7e587b3ff2101ae.jpg,1,358,933,205,217,0.3456
c7e587b3ff2101ae.jpg,13,456,616,230,639,0.9436
c7f9291a631abf19.jpg,5,790,66,108,664,0.8001
c80ec059c822a676.jpg,13,358,353,386,830,0.9362
c8104b64525cc7a9.jpg,33,184,412,732,530,0.881
c82f5415dfaa8182.jpg,19,155,302,881,116,0.8623
c83fbf03a6edcffa.jpg,1,674,502,485,511,0.9707
c84147f442b6d2ee.jpg,3,407,610,357,720,0.9805
c89c65628d2070b7.jpg,27,187,586,109,255,0.7507
c8bb7423748cb997.jpg,15,0,818,331,142,0.3884
c8bb7423748cb997.jpg,15,152,421,1121,360,0.934
c9495503f20a7c2a.jpg,15,365,741,408,139,0.949
c94d591c8bf155fd.jpg,9,550,415,250,172,0.7564
c9674db1d6266928.jpg,5,426,223,188,708,0.8811
c987697b720ce097.jpg,19,423,596,344,327,0.3637
c987697b720ce097.jpg,3,423,596,345,328,0.5054
c9a3e08f8f8a1b2a.jpg,28,0,1242,658,234,0.7097
c9a3e08f8f8a1b2a.jpg,27,415,645,273,254,0.7098
c9c4431b83178163.jpg,1,556,310,149,146,0.9425
c9d5482f7ebfb1b9.jpg,26,618,911,71,88,0.4458
c9d5482f7ebfb1b9.jpg,26,330,283,159,120,0.5971
c9d5482f7ebfb1b9.jpg,26,834,357,233,153,0.6057
c9d5482f7ebfb1b9.jpg,11,325,623,357,176,0.9681
ca3416ea073af911.jpg,26,0,1040,344,239,0.5793
ca3416ea073af911.jpg,14,24,164,878,995,0.851
ca66d933d350d568.jpg,24,131,750,232,249,0.5055
ca66d933d350d568.jpg,14,308,429,508,465,0.5161
ca69b99f5e49a466.jpg,22,1071,857,1394,1580,0.6575
ca69b99f5e49a466.jpg,11,2466,1302,421,599,0.8053
cace191d4869e43e.jpg,33,318,514,566,613,0.5809
cadf449c71df677f.jpg,14,123,66,678,845,0.8215
caf0d2abf7966ae3.jpg,3,386,317,279,126,0.9923
cb0538ec93151d96.jpg,7,212,188,494,1068,0.5108
cb3ba94a803076ad.jpg,22,1117,1650,167,166,0.2559
cb3ba94a803076ad.jpg,22,0,1939,209,307,0.2668
cb3ba94a803076ad.jpg,22,463,1749,450,188,0.2737
cb3ba94a803076ad.jpg,22,3951,345,80,175,0.2904
cb3ba94a803076ad.jpg,22,908,1625,219,218,0.3952
cb3ba94a803076ad.jpg,22,1749,1988,165,142,0.4095
cb3ba94a803076ad.jpg,28,2055,1510,217,212,0.4265
cb3ba94a803076ad.jpg,22,0,1604,657,325,0.5287
cb3ba94a803076ad.jpg,22,2682,1161,240,249,0.5404
cb3ba94a803076ad.jpg,22,803,2178,305,567,0.7784
cb3ba94a803076ad.jpg,22,1697,221,775,668,0.8161
cb3ba94a803076ad.jpg,22,2964,219,246,445,0.8273
cb3ba94a803076ad.jpg,22,2035,2650,526,373,0.8552
cb3c07cd978b3897.jpg,13,135,414,1240,296,0.9833
cb6b2137e2c23ca0.jpg,10,2253,1645,427,234,0.4448
cb6b2137e2c23ca0.jpg,23,687,1398,975,1355,0.6103
cb71f4f0d4fb4753.jpg,20,1827,0,356,198,0.3263
cb71f4f0d4fb4753.jpg,7,3355,2451,673,562,0.3277
cb71f4f0d4fb4753.jpg,7,1824,0,362,197,0.3346
cb71f4f0d4fb4753.jpg,20,1947,207,199,181,0.6773
cb71f4f0d4fb4753.jpg,25,927,1553,733,683,0.6963
cb92160852bb444e.jpg,15,441,594,148,481,0.8958
cb9dd1567292780f.jpg,21,320,250,565,426,0.3343
cb9dd1567292780f.jpg,27,320,249,565,426,0.8755
cbafb93a3137133b.jpg,2,535,292,191,446,0.7904
cbd13bbaa6440de5.jpg,3,265,132,504,335,0.8999
cc383f24f38deeaa.jpg,11,451,412,393,246,0.9407
cc5fceed290b6a71.jpg,22,333,145,239,250,0.8976
cc60bfda5f73a170.jpg,7,0,685,159,271,0.5433
cc60bfda5f73a170.jpg,5,258,195,771,549,0.9131
cca5930ff732bc14.jpg,14,759,677,2344,1027,0.8852
ccbb158199ade5da.jpg,21,527,126,121,138,0.9439
cd07f06b3af84c4e.jpg,12,380,567,309,389,0.9481
cd659c83a28f6928.jpg,12,1672,969,994,510,0.7727
cd659c83a28f6928.jpg,9,1673,970,994,508,0.7822
cdf55262f8032239.jpg,13,380,79,455,1217,0.9913
ce08f16c38def0e1.jpg,1,374,407,364,333,0.8683
ce1bfc8d9acc7b15.jpg,26,1652,1244,882,590,0.4208
ce3239728dc0295d.jpg,10,524,514,180,318,0.6479
cea868df4217421a.jpg,27,288,574,480,598,0.9331
ced73cc4c5fafcd5.jpg,15,297,591,640,647,0.9365
cee1c84f9d949d42.jpg,14,632,15,2961,2251,0.8799
cef54287acbac894.jpg,9,1449,764,1186,1115,0.8482
cf02224615c0a984.jpg,1,352,201,124,117,0.9335
cf1276103c92d8d2.jpg,26,703,976,91,83,0.441
cf1276103c92d8d2.jpg,19,515,379,247,267,0.682
cf65538398346a58.jpg,8,176,266,857,560,0.8953
cf8518e09c349f9d.jpg,26,189,805,388,141,0.9818
cf9a010d77b3e658.jpg,29,44,396,932,859,0.371
cf9a010d77b3e658.jpg,3,46,396,933,858,0.479
cfb08ee5938aeeda.jpg,17,689,351,94,210,0.9261
cfbd1ffd05d70603.jpg,33,281,286,545,631,0.9765
cfce1b58f9eea582.jpg,26,506,662,161,72,0.6118
cfce1b58f9eea582.jpg,27,247,267,188,240,0.7881
cffe7a426db57ae5.jpg,13,653,309,177,309,0.9205
d00387439d6a7bb9.jpg,13,163,312,1083,434,0.5938
d006733153d19dea.jpg,28,724,130,92,57,0.2609
d006733153d19dea.jpg,26,889,128,66,44,0.2792
d006733153d19dea.jpg,28,921,810,231,210,0.2896
d006733153d19dea.jpg,26,508,776,39,76,0.3041
d006733153d19dea.jpg,26,624,922,147,80,0.3068
d006733153d19dea.jpg,26,417,515,107,187,0.3185
d006733153d19dea.jpg,26,523,851,41,94,0.3275
d006733153d19dea.jpg,28,871,555,110,63,0.3282
d006733153d19dea.jpg,26,924,61,37,45,0.3546
d006733153d19dea.jpg,26,92,594,46,44,0.3801
d006733153d19dea.jpg,26,1093,49,146,67,0.4075
d006733153d19dea.jpg,26,469,360,78,38,0.417
d006733153d19dea.jpg,26,168,365,43,51,0.4358
d006733153d19dea.jpg,26,923,618,105,165,0.4424
d006733153d19dea.jpg,14,1257,766,214,220,0.4432
d006733153d19dea.jpg,26,1324,569,147,108,0.4573
d006733153d19dea.jpg,26,990,51,27,41,0.4592
d006733153d19dea.jpg,26,539,228,103,108,0.4748
d006733153d19dea.jpg,22,310,789,79,95,0.4903
d006733153d19dea.jpg,26,317,480,51,77,0.505
d006733153d19dea.jpg,26,254,502,61,62,0.5056
d006733153d19dea.jpg,26,375,595,60,37,0.5447
d006733153d19dea.jpg,26,1035,218,59,61,0.5464
d006733153d19dea.jpg,26,856,0,64,63,0.5507
d006733153d19dea.jpg,22,924,619,103,164,0.6973
d006733153d19dea.jpg,22,102,700,214,187,0.725
d006733153d19dea.jpg,20,754,360,251,228,0.8963
d006733153d19dea.jpg,26,101,174,251,96,0.9009
d01fc25cf8e34962.jpg,11,357,348,181,557,0.9376
d05dbb372c7c48b0.jpg,1,601,430,312,303,0.8879
d081d7dfb32b2b73.jpg,5,375,292,593,478,0.876
d082ea67acce9bdb.jpg,16,509,682,91,399,0.8559
d09012af59f8c316.jpg,20,378,702,234,217,0.9534
d09ecca54a3f4c35.jpg,28,616,0,348,781,0.3307
d09ecca54a3f4c35.jpg,26,683,421,121,82,0.3331
d09ecca54a3f4c35.jpg,22,745,738,274,449,0.6572
d09ecca54a3f4c35.jpg,22,0,1104,232,286,0.7113
d0a7a343edbba68c.jpg,6,569,89,272,647,0.9423
d0c75e00ecd80823.jpg,7,320,177,555,389,0.9042
d12be8ef089d1c77.jpg,7,2554,1363,576,478,0.7417
d14b1140f13292be.jpg,15,487,0,73,50,0.3181
d14b1140f13292be.jpg,22,129,367,78,106,0.6411
d14b1140f13292be.jpg,14,495,36,529,724,0.7604
d163ac04b51d6284.jpg,11,342,607,364,328,0.3166
d163ac04b51d6284.jpg,19,341,607,366,328,0.6153
d1964abfe18d6fed.jpg,19,754,20,270,220,0.8505
d1964abfe18d6fed.jpg,4,339,578,333,342,0.9561
d1a056635c68b674.jpg,23,393,260,652,484,0.2897
d1b22f8958bf2fe9.jpg,30,573,538,373,396,0.5251
d1b7562a94841389.jpg,27,410,620,424,518,0.4056
d1dabc5a033c6f05.jpg,13,311,933,214,150,0.8067
d1dabc5a033c6f05.jpg,13,494,340,212,223,0.8462
d1f52790914639b9.jpg,1,220,481,279,278,0.9502
d229c5820e6915da.jpg,26,1433,57,80,87,0.2985
d229c5820e6915da.jpg,12,874,1253,218,292,0.914
d23629beb420b0c0.jpg,2,740,530,102,181,0.4391
d23629beb420b0c0.jpg,3,740,529,103,185,0.4722
d23629beb420b0c0.jpg,15,0,1055,121,65,0.4996
d23629beb420b0c0.jpg,22,171,398,577,528,0.6444
d25316d4e2c96831.jpg,14,713,620,539,544,0.4783
d25316d4e2c96831.jpg,14,435,294,476,497,0.5989
d25316d4e2c96831.jpg,14,433,294,820,871,0.6346
d25316d4e2c96831.jpg,7,515,1101,394,421,0.9232
d258dafcb31f6769.jpg,3,257,195,449,979,0.9177
d270b5e5632ca43f.jpg,8,506,668,326,314,0.7596
d27a14fec42ca1c8.jpg,25,390,0,146,94,0.4851
d27a14fec42ca1c8.jpg,13,475,412,203,619,0.9646
d2820aeea675e38c.jpg,19,1412,929,615,734,0.3526
d2820aeea675e38c.jpg,12,602,1646,1818,1348,0.4362
d30c5a1b37e69b76.jpg,14,163,0,913,1396,0.9248
d321654a31b99ab8.jpg,33,402,176,508,459,0.9949
d32e239378af0837.jpg,20,286,304,495,631,0.6936
d33bb4985d4069ff.jpg,14,0,2,960,1192,0.6894
d33bb4985d4069ff.jpg,15,400,243,200,986,0.9178
d33f7c5e9e1b907e.jpg,7,424,506,100,103,0.558
d34c90f5a497dee7.jpg,7,383,1286,181,288,0.6271
d34c90f5a497dee7.jpg,15,1853,1068,243,138,0.8616
d34c90f5a497dee7.jpg,15,1812,1499,242,521,0.8915
d35410a607ac4126.jpg,9,346,709,153,103,0.9016
d363a5810f9d4245.jpg,1,739,137,36,28,0.3229
d363a5810f9d4245.jpg,11,638,362,42,130,0.8328
d363a5810f9d4245.jpg,4,271,991,322,198,0.9482
d36f357ca3f06b44.jpg,24,1194,538,1262,1330,0.7173
d397a1e159aef582.jpg,1,1627,1087,303,332,0.4975
d3baa19daf5fdd28.jpg,5,575,705,158,406,0.5834
d3cd068c86175073.jpg,26,1237,813,64,85,0.2643
d3cd068c86175073.jpg,13,250,1,619,74,0.483
d3cd068c86175073.jpg,3,646,164,510,792,0.5362
d3cd068c86175073.jpg,26,157,172,104,90,0.6673
d3cd068c86175073.jpg,26,94,438,516,386,0.8712
d439759bf8e1eea5.jpg,11,408,494,303,268,0.9765
d47da8ceb6b608b7.jpg,12,1836,2236,543,250,0.4981
d47da8ceb6b608b7.jpg,28,1352,797,1728,913,0.9103
d4b7aa2b4a5aa2cb.jpg,19,521,539,431,426,0.2617
d4b7aa2b4a5aa2cb.jpg,1,521,539,431,427,0.3825
d503da0996fa4046.jpg,8,528,157,358,474,0.8554
d53d54163318a22c.jpg,16,613,306,90,95,0.9325
d54f21204f900349.jpg,19,205,714,483,83,0.5499
d56eb864f5951d97.jpg,8,296,242,416,250,0.2764
d56eb864f5951d97.jpg,9,295,242,418,249,0.3291
d56eb864f5951d97.jpg,12,295,242,418,249,0.3645
d5732310616ceba7.jpg,1,635,542,223,193,0.706
d57fefb4d0f4076a.jpg,11,933,2537,827,372,0.3543
d57fefb4d0f4076a.jpg,10,1289,458,151,262,0.3658
d5a6650e39e64f65.jpg,1,928,857,100,94,0.3921
d5a6650e39e64f65.jpg,6,450,633,512,328,0.8382
d5acb62a36ffe28a.jpg,1,524,288,127,143,0.9186
d5d6fcdea3b45e7c.jpg,13,733,600,905,334,0.9282
d5e30f7531e593bf.jpg,18,41,137,630,283,0.9302
d61517e06bb9a418.jpg,7,320,459,523,395,0.9007
d620f87deb3111f1.jpg,22,847,150,131,209,0.8565
d64253a2d417f060.jpg,13,998,45,128,71,0.3306
d64253a2d417f060.jpg,5,211,655,640,48,0.7773
d671f7de81c0766a.jpg,26,1154,449,188,65,0.2588
d6a08225d8474a98.jpg,8,513,613,268,290,0.8344
d6a9225edaaa63a2.jpg,14,2,0,1278,960,0.9403
d6e2cdadb3355dbe.jpg,26,906,309,66,47,0.5012
d6e2cdadb3355dbe.jpg,20,293,584,206,170,0.9244
d6ec45dbf3fd0de8.jpg,1,421,230,82,82,0.9169
d6f68c7c2192fe48.jpg,26,439,185,303,299,0.6294
d7147100db7257b1.jpg,4,280,581,354,521,0.9497
d72f225e83900bbf.jpg,22,49,213,898,1104,0.9126
d73cb54c540aa5aa.jpg,6,420,675,206,80,0.9398
d74e7566eec12a2d.jpg,26,587,320,53,53,0.4072
d74e7566eec12a2d.jpg,3,321,135,217,270,0.9794
d75016b2fd8ae163.jpg,15,3266,1338,198,141,0.2607
d75016b2fd8ae163.jpg,15,3893,934,105,344,0.4641
d75016b2fd8ae163.jpg,15,3559,973,385,284,0.8869
d75016b2fd8ae163.jpg,14,8,0,3992,3000,0.9059
d75016b2fd8ae163.jpg,15,2243,2001,347,469,0.9397
d75016b2fd8ae163.jpg,15,3640,186,256,318,0.9422
d78204ebbe6b7812.jpg,20,405,619,168,163,0.9524
d7cb4b7964576d0b.jpg,22,2497,946,196,214,0.2777
d7cb4b7964576d0b.jpg,22,3815,469,137,157,0.495
d7cb4b7964576d0b.jpg,22,598,1600,198,198,0.5075
d7cb4b7964576d0b.jpg,24,854,1576,395,373,0.8572
d7cb4b7964576d0b.jpg,22,1365,1656,496,626,0.9428
d7f1afbc3a7b5668.jpg,7,405,177,416,496,0.9709
d8450785d3cb8cac.jpg,26,1480,999,522,324,0.3708
d87975a1dc1d2277.jpg,7,190,357,679,902,0.977
d90f0551f090542c.jpg,8,67,325,352,330,0.6362
d94eff8d5d8b9d75.jpg,9,419,510,351,712,0.9029
d9bd04dc78d40b9c.jpg,22,2079,1489,247,294,0.3302
d9bd04dc78d40b9c.jpg,22,2433,2176,210,205,0.3646
d9bd04dc78d40b9c.jpg,26,1889,392,185,203,0.4261
d9bd04dc78d40b9c.jpg,22,2814,1553,389,220,0.4319
d9bd04dc78d40b9c.jpg,28,2071,2286,252,307,0.4329
d9bd04dc78d40b9c.jpg,26,2433,1082,166,129,0.4345
d9bd04dc78d40b9c.jpg,19,890,746,892,836,0.543
d9bd04dc78d40b9c.jpg,22,1207,1531,234,190,0.6188
d9bd04dc78d40b9c.jpg,22,1905,1891,387,347,0.7647
d9bd04dc78d40b9c.jpg,31,892,745,889,837,0.7719
d9bd04dc78d40b9c.jpg,22,3549,1023,482,995,0.9063
d9bd04dc78d40b9c.jpg,24,3531,270,319,294,0.9135
d9db451990a8e583.jpg,26,3622,342,256,149,0.3747
d9db451990a8e583.jpg,24,2311,1735,537,532,0.4127
d9db451990a8e583.jpg,7,2046,239,639,242,0.5074
d9db451990a8e583.jpg,26,2915,411,136,97,0.5167
d9db451990a8e583.jpg,14,2269,595,405,524,0.6805
d9db451990a8e583.jpg,5,87,759,1026,520,0.7835
d9db451990a8e583.jpg,5,1422,261,467,423,0.8437
d9db451990a8e583.jpg,5,2021,828,201,247,0.8492
da1be15e2076a211.jpg,19,1886,2247,1137,1089,0.2519
da1be15e2076a211.jpg,8,306,1604,1329,725,0.6806
da1be15e2076a211.jpg,19,1983,2575,468,478,0.7259
da1d52fba1aeeb96.jpg,24,765,0,343,215,0.6179
da3016c396bbae66.jpg,25,292,377,85,60,0.9492
da51e8e0c0741af2.jpg,1,523,761,116,117,0.8482
da80a254db4dfe2a.jpg,19,718,357,291,311,0.6032
da80a254db4dfe2a.jpg,8,718,357,289,311,0.6513
da9f88f6edfa6cb4.jpg,27,69,172,932,611,0.9895
dafe00e8700843a4.jpg,4,282,681,395,289,0.5706
dafe00e8700843a4.jpg,27,282,681,397,290,0.6764
db03a917c8e6afa4.jpg,13,610,639,252,752,0.885
db140d79feea0017.jpg,3,674,1113,2684,472,0.6506
db6f012a6025a207.jpg,14,0,85,983,1392,0.9183
dba68f34247f00ce.jpg,8,362,473,395,532,0.6945
dba7dd2c01cdb791.jpg,26,448,1,578,570,0.2796
dba7dd2c01cdb791.jpg,26,996,287,112,116,0.3405
dba7dd2c01cdb791.jpg,26,469,101,114,161,0.3679
dba7dd2c01cdb791.jpg,26,666,0,130,90,0.3754
dba7dd2c01cdb791.jpg,26,446,213,189,106,0.3806
dba7dd2c01cdb791.jpg,15,995,81,113,253,0.4523
dba7dd2c01cdb791.jpg,26,440,255,158,369,0.4821
dba7dd2c01cdb791.jpg,26,362,242,103,153,0.567
dba7dd2c01cdb791.jpg,13,513,489,306,598,0.8632
dbb816a24f04b992.jpg,19,299,675,439,544,0.6146
dbd2efa92e64a085.jpg,1,694,483,125,118,0.8867
dbea5d7003754fa0.jpg,19,134,325,794,711,0.9601
dbf0e1ccc61b8984.jpg,22,418,46,343,555,0.553
dbfa1cd480c4a907.jpg,12,394,258,277,216,0.9743
dc04551537feb7b9.jpg,24,304,29,222,422,0.251
dc04551537feb7b9.jpg,13,305,30,222,421,0.3809
dc04551537feb7b9.jpg,3,260,868,141,373,0.5864
dc04551537feb7b9.jpg,13,316,573,498,591,0.7634
dc31324d438f9b9f.jpg,14,375,431,313,592,0.7626
dca3cbb928b298a0.jpg,26,108,0,98,43,0.3021
dca3cbb928b298a0.jpg,26,82,175,74,74,0.3638
dca3cbb928b298a0.jpg,26,945,1212,163,161,0.6506
dca3cbb928b298a0.jpg,33,436,259,537,523,0.7511
dcd155409beedf78.jpg,20,364,624,362,363,0.9516
dcf841e5d81d00fe.jpg,26,1223,229,143,183,0.4872
dcf841e5d81d00fe.jpg,7,554,965,452,142,0.7125
dcf841e5d81d00fe.jpg,15,394,440,454,248,0.9285
dd18b8589ca426f5.jpg,14,7,0,1467,1108,0.8825
dd3cd2a4f3f0dd52.jpg,1,425,343,320,305,0.9616
dd4542bdacaa34b1.jpg,14,488,413,110,951,0.2716
dd4542bdacaa34b1.jpg,5,492,412,102,944,0.426
dd7aa39dfd2b0f28.jpg,13,347,315,347,819,0.8022
dd931bf5de1f7ee2.jpg,29,687,1055,315,422,0.2545
dd931bf5de1f7ee2.jpg,1,585,178,42,44,0.3159
dd931bf5de1f7ee2.jpg,14,305,724,514,529,0.6692
dd931bf5de1f7ee2.jpg,14,387,0,226,269,0.8355
dd931bf5de1f7ee2.jpg,7,37,790,323,625,0.8671
dda7437a11b80883.jpg,19,510,158,280,359,0.5133
ddada93ef15ccffb.jpg,19,258,542,247,212,0.3976
ddada93ef15ccffb.jpg,26,257,542,247,212,0.4591
ddf50f00f2977414.jpg,19,489,166,131,412,0.2729
de897db16fa2c62b.jpg,5,314,307,972,395,0.9634
de935585f1c43ea4.jpg,21,471,681,268,268,0.9911
deac1bbcf101c189.jpg,3,290,645,478,434,0.9539
debfd2592ef772dc.jpg,3,406,145,285,352,0.4223
dec0a775bbefb35a.jpg,28,935,469,181,182,0.3563
dec0a775bbefb35a.jpg,26,1116,524,127,96,0.4125
dec0a775bbefb35a.jpg,27,561,472,405,426,0.6484
deefc498948a8297.jpg,1,904,632,114,108,0.7543
deefc498948a8297.jpg,1,638,394,229,229,0.9529
df12befc586e895d.jpg,26,323,545,135,147,0.9079
df1557f35782d659.jpg,1,269,481,410,404,0.9246
df21f92bde82a151.jpg,10,398,490,23,42,0.3617
df21f92bde82a151.jpg,10,780,1124,64,126,0.7438
df6243a9438b35fb.jpg,22,1299,2723,175,307,0.3826
df6243a9438b35fb.jpg,25,1367,2346,556,288,0.8673
df6243a9438b35fb.jpg,13,1381,711,397,484,0.9296
df84b36143d5304c.jpg,1,394,599,150,157,0.9114
dfb9f9b17f849eaa.jpg,27,423,260,238,190,0.5358
dfb9f9b17f849eaa.jpg,30,423,260,239,190,0.9446
dfd3411b499c68e9.jpg,25,512,1646,304,382,0.4336
dfd3411b499c68e9.jpg,10,2855,1120,88,77,0.5314
dfd3411b499c68e9.jpg,15,539,836,381,461,0.934
dfdbab626954b72a.jpg,20,388,553,266,271,0.8065
e00a6b6d285b4f4f.jpg,3,0,0,282,301,0.251
e00a6b6d285b4f4f.jpg,26,140,148,528,607,0.2829
e00a6b6d285b4f4f.jpg,2,1,0,281,302,0.3346
e016e198112aaa65.jpg,7,77,418,758,479,0.9715
e03fc5e1d5624b0f.jpg,11,225,668,520,172,0.9645
e0b69b6e8253bb41.jpg,11,326,369,387,620,0.871
e0d45a5756c6822d.jpg,4,462,332,400,530,0.6149
e13baa9a57c99662.jpg,21,575,298,277,344,0.434
e13baa9a57c99662.jpg,4,576,298,277,344,0.8484
e15b4d41ab26c26f.jpg,22,1363,1925,246,170,0.5394
e15b4d41ab26c26f.jpg,15,1421,1445,398,435,0.6967
e15b4d41ab26c26f.jpg,26,382,1660,426,541,0.8065
e15b4d41ab26c26f.jpg,22,1786,1201,280,378,0.8191
e17a1fbdd420446d.jpg,3,300,203,294,117,0.9868
e1843a6e5c43605e.jpg,8,412,895,390,439,0.9377
e195f10fd0acf43d.jpg,15,165,0,235,146,0.5204
e195f10fd0acf43d.jpg,11,630,436,278,402,0.9283
e1c44e6248e5d6a6.jpg,7,482,748,443,807,0.9455
e20844c7894dbb12.jpg,1,1962,1003,368,345,0.9439
e2698b715cedfa10.jpg,13,286,299,68,98,0.8569
e2802ecbe7a6a9ed.jpg,26,27,240,245,187,0.5328
e2802ecbe7a6a9ed.jpg,3,322,381,409,966,0.5688
e284f04eaacdce20.jpg,5,371,369,414,36,0.8301
e2d16869e11d4bdb.jpg,2,912,695,105,83,0.3316
e2d16869e11d4bdb.jpg,26,303,417,186,202,0.338
e2d16869e11d4bdb.jpg,19,302,417,189,202,0.5426
e2d16869e11d4bdb.jpg,24,563,665,327,206,0.6586
e2d16869e11d4bdb.jpg,26,561,666,330,207,0.8782
e2ed62def612ea7b.jpg,8,367,459,22,21,0.5647
e2ed62def612ea7b.jpg,12,160,314,64,68,0.9425
e31fd111a562ae68.jpg,26,86,722,197,177,0.4502
e3285a28a893f8dd.jpg,19,657,487,178,43,0.3119
e3285a28a893f8dd.jpg,11,471,739,314,242,0.9775
e387ffcc3b3e3646.jpg,4,309,299,129,128,0.4734
e387ffcc3b3e3646.jpg,21,309,299,129,127,0.5335
e3a3aad50f07f801.jpg,7,894,0,153,208,0.2611
e3a3aad50f07f801.jpg,19,278,470,758,571,0.37
e3bb09e6cb76b9ed.jpg,15,309,197,389,1096,0.9414
e41c12722e124f14.jpg,19,328,117,386,1053,0.7751
e431323b40c8eef4.jpg,26,463,1013,288,261,0.4171
e453630b25ec31e9.jpg,5,552,526,559,379,0.2944
e453630b25ec31e9.jpg,25,340,366,766,611,0.4126
e454af8fa57f2214.jpg,9,503,371,596,347,0.8671
e45e06bf2ece2664.jpg,26,568,674,141,84,0.7952
e478578434a11b19.jpg,10,635,791,56,257,0.9374
e4b643674cb9b1b7.jpg,6,438,311,360,614,0.4663
e4b643674cb9b1b7.jpg,18,439,310,358,614,0.9532
e4bc0f5b27d5ad30.jpg,6,292,348,432,709,0.991
e4d83937a9876a1f.jpg,12,318,420,449,713,0.4167
e4d83937a9876a1f.jpg,9,317,418,450,715,0.7258
e4e101bb84297e8b.jpg,19,1584,949,1424,1297,0.7944
e527ab71c5c3fe6f.jpg,26,351,65,610,490,0.9646
e5322394d7de31fe.jpg,26,0,270,139,157,0.4943
e539b20b7ac3c949.jpg,13,504,5,372,628,0.8798
e5733d2d94519c46.jpg,14,737,11,267,235,0.3085
e5733d2d94519c46.jpg,14,533,11,486,477,0.3427
e5733d2d94519c46.jpg,19,532,186,246,303,0.4681
e5733d2d94519c46.jpg,15,533,186,245,303,0.5288
e5891fcf3746f1cf.jpg,28,656,527,111,69,0.2809
e5891fcf3746f1cf.jpg,26,378,208,118,143,0.4742
e5891fcf3746f1cf.jpg,4,561,836,285,400,0.838
e5891fcf3746f1cf.jpg,13,281,313,470,462,0.9542
e5ce649ea0b19275.jpg,12,299,252,407,544,0.4344
e5ce649ea0b19275.jpg,9,176,787,224,275,0.9818
e5de3f2d6647fd87.jpg,22,1508,887,195,258,0.4459
e5de3f2d6647fd87.jpg,3,1122,1129,467,609,0.8239
e5de3f2d6647fd87.jpg,24,1296,2265,622,1233,0.972
e6437ddaffec72de.jpg,26,770,413,90,239,0.288
e6437ddaffec72de.jpg,26,820,1341,101,132,0.293
e6437ddaffec72de.jpg,26,795,870,76,60,0.3058
e6437ddaffec72de.jpg,22,902,630,147,236,0.3079
e6437ddaffec72de.jpg,26,720,1271,98,67,0.324
e6437ddaffec72de.jpg,26,769,702,113,155,0.3782
e65619434b18faa7.jpg,22,1180,553,100,157,0.5278
e65619434b18faa7.jpg,8,397,27,429,678,0.9337
e6735aa0b78db60a.jpg,6,285,848,195,317,0.9545
e687066109960617.jpg,14,0,1,1105,1377,0.2621
e687066109960617.jpg,14,568,933,540,418,0.7276
e6a148631095cd18.jpg,1,798,541,171,178,0.9325
e70d8addac44747a.jpg,20,302,117,313,303,0.9804
e70e07677a547d3c.jpg,26,329,159,729,295,0.8342
e73c727e30a2350a.jpg,1,577,536,218,220,0.9211
e73cc37dee7aa067.jpg,26,811,843,84,106,0.3212
e73cc37dee7aa067.jpg,14,14,146,1060,1324,0.4313
e75100fd03391114.jpg,28,1126,0,350,258,0.405
e75100fd03391114.jpg,17,403,529,893,144,0.8747
e76f3d9116acdc25.jpg,24,306,664,664,350,0.8236
e7a155c69aa03fa9.jpg,8,455,324,665,520,0.4295
e7a155c69aa03fa9.jpg,19,456,325,666,520,0.5623
e7b9525efce585f7.jpg,21,170,683,190,219,0.8682
e7c7d066e8b72f45.jpg,11,322,197,387,180,0.9648
e7d0647d0c785fd9.jpg,28,3187,1429,212,196,0.6714
e7e312752f3cfe0f.jpg,21,453,859,240,175,0.3698
e7e312752f3cfe0f.jpg,4,521,521,414,327,0.6923
e809d7fbf87af63e.jpg,7,457,349,174,207,0.9349
e83683612b8bec28.jpg,19,379,459,389,403,0.9624
e86092b1efe713e5.jpg,4,499,396,417,328,0.6736
e86092b1efe713e5.jpg,21,499,395,417,330,0.8803
e8b00f3c8c008e80.jpg,13,304,1158,72,117,0.6966
e8b00f3c8c008e80.jpg,14,186,99,778,1354,0.7883
e8cc95876d3e4479.jpg,1,183,313,591,576,0.9172
e8f599c0ef2c29b0.jpg,5,2184,558,377,753,0.8735
e9548a6682a766b8.jpg,15,128,271,1125,491,0.9695
e96ab98057c51d8e.jpg,19,147,390,812,787,0.6175
e98abbfaccd5d090.jpg,20,767,0,341,90,0.7947
e996758c776e712a.jpg,14,0,725,161,251,0.2773
e996758c776e712a.jpg,8,395,606,440,354,0.9879
e9c382295e8e0faf.jpg,22,114,347,836,654,0.3278
e9c382295e8e0faf.jpg,22,1305,979,66,82,0.3294
e9c382295e8e0faf.jpg,1,1195,1012,46,41,0.4594
e9c382295e8e0faf.jpg,22,1038,341,275,236,0.8757
e9fd966cabf55765.jpg,1,544,331,357,350,0.952
ea1978df3377a0d0.jpg,15,827,1004,102,43,0.2634
ea1978df3377a0d0.jpg,15,294,1185,108,71,0.2793
ea1978df3377a0d0.jpg,15,977,823,98,39,0.2814
ea1978df3377a0d0.jpg,15,879,678,92,83,0.2961
ea1978df3377a0d0.jpg,15,335,456,99,226,0.3161
ea1978df3377a0d0.jpg,15,844,532,104,37,0.3223
ea1978df3377a0d0.jpg,15,176,757,144,160,0.4879
ea1978df3377a0d0.jpg,14,1,117,1107,1182,0.9162
ea39eacc75bbbe73.jpg,7,221,310,148,226,0.7775
ea3a1c96fd7039a8.jpg,13,2300,2282,139,219,0.3139
ea3a1c96fd7039a8.jpg,22,1201,1045,554,859,0.8918
ea3ad17225547c38.jpg,15,167,80,563,1106,0.9339
ea3e6795f4650a96.jpg,5,209,332,976,113,0.2653
ea3e6795f4650a96.jpg,18,209,325,974,104,0.3467
ead92b42fe162cdd.jpg,11,2253,1486,303,197,0.2502
ead92b42fe162cdd.jpg,22,948,1269,577,442,0.9268
eaf516c9b9240096.jpg,22,891,622,131,122,0.6645
eaf516c9b9240096.jpg,6,414,491,292,127,0.9344
eb1949dde800170c.jpg,14,387,421,362,885,0.6153
eb47ef99f7029086.jpg,4,894,0,214,300,0.2618
eb47ef99f7029086.jpg,4,622,657,439,327,0.4805
eb47ef99f7029086.jpg,27,539,883,217,222,0.4946
eb5fb8f64dad70fb.jpg,27,358,601,388,352,0.9815
eb7c7bf2e0ef8e8c.jpg,8,64,290,215,160,0.4854
eb7c7bf2e0ef8e8c.jpg,8,189,289,89,149,0.6299
eb883dd215be924c.jpg,19,215,1165,130,108,0.2949
eb883dd215be924c.jpg,24,0,0,451,164,0.3511
eb937914551e0cb3.jpg,13,518,624,330,914,0.9737
ebf47b3901d8787b.jpg,22,2667,1354,310,283,0.4315
ebf47b3901d8787b.jpg,28,2937,2296,598,534,0.7382
ebf47b3901d8787b.jpg,22,3154,1434,334,347,0.9052
ebf47b3901d8787b.jpg,22,1844,1031,767,651,0.9525
ec561e66e594d1d0.jpg,15,2032,2318,176,124,0.4232
ec561e66e594d1d0.jpg,22,1750,2501,255,159,0.6237
ec561e66e594d1d0.jpg,13,1864,1583,261,286,0.6286
ec561e66e594d1d0.jpg,22,2286,1048,220,180,0.9275
ec6ddf97f41206ae.jpg,1,428,628,169,167,0.9102
ec71619e8ffc2ccb.jpg,5,463,88,41,315,0.4902
ec71619e8ffc2ccb.jpg,5,358,86,164,900,0.61
ec71619e8ffc2ccb.jpg,7,722,0,145,165,0.7479
ec71619e8ffc2ccb.jpg,5,355,548,151,438,0.7489
ec71619e8ffc2ccb.jpg,5,154,990,596,409,0.8766
ec7b1ee6f2beb4db.jpg,26,984,848,48,63,0.2538
ec7b1ee6f2beb4db.jpg,26,974,723,40,41,0.256
ec7b1ee6f2beb4db.jpg,26,277,408,71,36,0.2565
ec7b1ee6f2beb4db.jpg,26,795,1165,71,64,0.2603
ec7b1ee6f2beb4db.jpg,26,56,687,77,77,0.2686
ec7b1ee6f2beb4db.jpg,26,385,704,91,156,0.27
ec7b1ee6f2beb4db.jpg,26,817,818,70,67,0.2703
ec7b1ee6f2beb4db.jpg,26,839,1335,73,141,0.2767
ec7b1ee6f2beb4db.jpg,26,82,0,86,34,0.2776
ec7b1ee6f2beb4db.jpg,26,857,989,80,76,0.2888
ec7b1ee6f2beb4db.jpg,22,818,818,69,67,0.3042
ec7b1ee6f2beb4db.jpg,26,898,943,62,46,0.3153
ec7b1ee6f2beb4db.jpg,28,1025,812,81,90,0.3208
ec7b1ee6f2beb4db.jpg,26,884,631,69,53,0.3325
ec7b1ee6f2beb4db.jpg,28,0,45,85,66,0.3494
ec7b1ee6f2beb4db.jpg,26,378,637,140,68,0.3527
ec7b1ee6f2beb4db.jpg,26,297,687,89,56,0.3745
ec7b1ee6f2beb4db.jpg,26,904,497,86,63,0.3817
ec7b1ee6f2beb4db.jpg,28,53,1382,37,77,0.4095
ec7b1ee6f2beb4db.jpg,26,424,400,50,54,0.4287
ec7b1ee6f2beb4db.jpg,26,95,1228,84,64,0.4413
ec7b1ee6f2beb4db.jpg,26,74,187,96,70,0.4466
ec7b1ee6f2beb4db.jpg,26,298,1117,141,64,0.4505
ec7b1ee6f2beb4db.jpg,26,297,1025,61,63,0.4661
ec7b1ee6f2beb4db.jpg,26,178,65,133,151,0.4783
ec7b1ee6f2beb4db.jpg,26,474,370,84,108,0.49
ec7b1ee6f2beb4db.jpg,26,174,0,162,66,0.5019
ec7b1ee6f2beb4db.jpg,26,15,782,73,98,0.5131
ec7b1ee6f2beb4db.jpg,28,200,594,150,106,0.5195
ec7b1ee6f2beb4db.jpg,26,152,28,92,51,0.536
ec7b1ee6f2beb4db.jpg,22,497,1325,143,151,0.5585
ec7b1ee6f2beb4db.jpg,26,242,756,107,101,0.5751
ec7b1ee6f2beb4db.jpg,22,54,835,107,149,0.5861
ec7b1ee6f2beb4db.jpg,26,81,74,94,104,0.5911
ec7b1ee6f2beb4db.jpg,22,398,1297,110,163,0.5929
ec7b1ee6f2beb4db.jpg,26,1039,537,69,90,0.6064
ec7b1ee6f2beb4db.jpg,26,167,686,133,96,0.6132
ec7b1ee6f2beb4db.jpg,26,352,377,87,61,0.6338
ec7b1ee6f2beb4db.jpg,15,443,606,335,419,0.9726
ec843981feb0ed81.jpg,8,384,616,416,495,0.5102
ec95edf52d3ce47a.jpg,14,480,333,510,648,0.6045
ecca19dcb59c51c9.jpg,25,729,0,231,143,0.7341
ecca19dcb59c51c9.jpg,13,472,356,728,234,0.8723
ed3fd6525990d22e.jpg,7,300,119,556,515,0.5145
ed823f5601fea9c4.jpg,19,478,257,648,624,0.2637
ed823f5601fea9c4.jpg,7,479,257,646,623,0.4222
ed957555136de3ea.jpg,27,297,640,250,446,0.3231
ed957555136de3ea.jpg,4,0,613,181,300,0.8166
ed9db2116987f509.jpg,15,511,197,362,762,0.9121
edca1f0759913351.jpg,12,446,533,228,456,0.8999
edd955a3f52a70da.jpg,9,372,482,450,705,0.9765
ee44d5a7a6959b62.jpg,3,176,1485,396,254,0.3372
ee44d5a7a6959b62.jpg,25,1506,1334,337,420,0.8022
ee99ee91acaf3f7f.jpg,26,0,386,125,65,0.2555
ee99ee91acaf3f7f.jpg,26,423,449,53,77,0.2964
ef13cc497c6ad035.jpg,22,726,494,1421,2856,0.4972
ef13cc497c6ad035.jpg,14,4,900,753,1583,0.8502
ef223018cdc28f96.jpg,5,481,781,102,45,0.3899
ef581614a55d0ef3.jpg,8,667,909,161,167,0.6847
ef581614a55d0ef3.jpg,15,573,1038,62,151,0.9014
ef7714f5d7743aa5.jpg,21,463,141,277,309,0.3079
ef7714f5d7743aa5.jpg,27,463,141,278,310,0.8768
ef86742253bb8a69.jpg,27,294,890,237,187,0.5302
ef86742253bb8a69.jpg,7,246,703,196,153,0.6568
ef86742253bb8a69.jpg,21,25,894,185,173,0.8833
ef9c40b98caa6d37.jpg,15,777,1414,117,63,0.3181
ef9c40b98caa6d37.jpg,25,0,7,642,1347,0.3642
ef9c40b98caa6d37.jpg,26,618,1216,103,138,0.3792
ef9c40b98caa6d37.jpg,15,454,1388,253,89,0.4691
ef9c40b98caa6d37.jpg,28,712,248,395,261,0.6276
ef9c40b98caa6d37.jpg,15,472,579,264,270,0.8672
efcd4de4ff08c610.jpg,15,309,486,583,366,0.9135
efcd4de4ff08c610.jpg,15,148,700,648,334,0.9636
efdc1a831e233a7d.jpg,15,420,281,497,494,0.9293
efdffd72658235dc.jpg,10,346,1356,26,80,0.3382
efdffd72658235dc.jpg,1,598,832,56,49,0.6537
f0176118abc2a4f6.jpg,14,195,369,3832,1841,0.8619
f05915d6d1e49c16.jpg,6,409,652,360,102,0.9379
f084247e3029ebc1.jpg,14,216,202,342,739,0.2571
f084247e3029ebc1.jpg,14,201,202,641,1076,0.4686
f08787ee02c580e2.jpg,19,459,402,331,382,0.6646
f0ad746505bac8d0.jpg,11,497,889,306,720,0.9544
f0bf125a34d73657.jpg,8,549,617,374,417,0.3209
f0f077e855aa3efc.jpg,7,1080,503,71,115,0.2737
f0f077e855aa3efc.jpg,15,62,744,76,61,0.6537
f0f077e855aa3efc.jpg,14,507,478,970,630,0.691
f10e4b622d156fc5.jpg,22,139,310,691,799,0.9707
f116c42833a5a885.jpg,27,207,257,293,261,0.3726
f116c42833a5a885.jpg,9,472,584,282,311,0.9556
f1311ccbddd0e8df.jpg,15,1403,505,1703,995,0.9223
f14e359ed6c5d35d.jpg,8,395,468,458,499,0.872
f1964dc8394af1ec.jpg,28,1279,790,68,92,0.365
f1964dc8394af1ec.jpg,1,0,347,113,157,0.4177
f1964dc8394af1ec.jpg,20,0,346,113,157,0.6306
f1964dc8394af1ec.jpg,28,478,865,102,74,0.727
f1964dc8394af1ec.jpg,28,282,786,202,184,0.7333
f1964dc8394af1ec.jpg,1,680,420,297,290,0.9301
f1ad2ca15ee1faee.jpg,15,529,231,688,564,0.947
f1bcfb01a9b6ef03.jpg,14,150,0,708,1466,0.8251
f1dbac1a027686df.jpg,30,665,469,176,214,0.3962
f1dbac1a027686df.jpg,9,665,469,177,213,0.624
f1deb26c95235a65.jpg,7,259,181,805,567,0.9761
f1f36841cb087323.jpg,26,0,459,35,104,0.4133
f1f36841cb087323.jpg,14,389,619,308,671,0.5236
f1ff14d320efdc12.jpg,13,901,526,2277,1624,0.93
f2187cab9e572112.jpg,2,344,237,365,263,0.6308
f25dd0c16fc176c6.jpg,26,1,1148,97,84,0.2856
f25dd0c16fc176c6.jpg,3,547,201,460,374,0.4324
f25dd0c16fc176c6.jpg,4,158,683,139,149,0.4923
f25dd0c16fc176c6.jpg,24,545,200,461,376,0.6948
f25dd0c16fc176c6.jpg,27,611,922,201,205,0.9139
f280b4cb65d41c17.jpg,8,239,143,842,438,0.984
f2b7bed0a05ae615.jpg,9,225,365,378,370,0.8152
f30040f9a5790f40.jpg,10,426,779,143,235,0.9766
f331be834dd092c8.jpg,5,146,224,1039,275,0.9706
f365e6376df50bef.jpg,22,8,191,253,121,0.8468
f365e6376df50bef.jpg,15,1082,297,232,234,0.8488
f365e6376df50bef.jpg,8,554,457,200,159,0.9384
f386dc7e9cf3aceb.jpg,14,1350,706,1350,820,0.6405
f396b36427ceae8e.jpg,12,548,1495,309,246,0.9261
f396b36427ceae8e.jpg,13,598,392,480,203,0.9293
f3b2bc7051049da3.jpg,19,274,233,586,684,0.4502
f3b2bc7051049da3.jpg,3,273,232,587,686,0.7057
f3c8869106801056.jpg,1,188,488,183,178,0.9093
f3c9f5f12b5e3479.jpg,21,282,500,615,545,0.4979
f40cd3244dc5b507.jpg,1,265,299,43,37,0.3992
f40cd3244dc5b507.jpg,14,0,338,1132,770,0.9524
f4224779398a275a.jpg,15,98,2710,158,57,0.5071
f4224779398a275a.jpg,3,1232,2010,334,235,0.5227
f4224779398a275a.jpg,15,2095,1785,673,352,0.7003
f4224779398a275a.jpg,22,835,1632,244,279,0.87
f43bdbddd55124c3.jpg,7,228,79,877,1027,0.5001
f482d7356844f5dc.jpg,14,132,598,281,118,0.4676
f482d7356844f5dc.jpg,13,291,0,116,130,0.8128
f482d7356844f5dc.jpg,15,217,606,364,424,0.8197
f482d7356844f5dc.jpg,15,847,651,172,61,0.9187
f482d7356844f5dc.jpg,15,666,136,51,122,0.9195
f488f119fd1bfce7.jpg,26,835,94,147,145,0.3926
f488f119fd1bfce7.jpg,7,1364,1165,1442,688,0.5294
f4986fbc7c933e8e.jpg,33,472,297,334,321,0.5063
f4bc18bb46bb9e4e.jpg,6,457,374,174,667,0.9692
f4bf3bec4bb7a0fd.jpg,12,787,431,222,178,0.2948
f4bf3bec4bb7a0fd.jpg,28,1715,15,332,803,0.2976
f4bf3bec4bb7a0fd.jpg,15,815,600,230,117,0.393
f4bf3bec4bb7a0fd.jpg,15,1441,941,146,162,0.3943
f4c2dd7b29291790.jpg,10,195,413,37,30,0.3948
f4d559e3b23f25fa.jpg,1,267,289,625,713,0.9874
f4d5636da5b16032.jpg,13,317,387,374,491,0.3156
f4d5636da5b16032.jpg,11,317,384,374,494,0.4848
f4e03d79fef7e0aa.jpg,15,150,815,228,214,0.8966
f4e03d79fef7e0aa.jpg,15,765,853,226,220,0.8978
f509db2999d74039.jpg,8,1251,657,1915,2113,0.3267
f509db2999d74039.jpg,19,1250,657,1924,2110,0.5778
f51ac0b4b329b180.jpg,9,737,1237,79,67,0.2975
f51ac0b4b329b180.jpg,13,737,1235,77,69,0.3513
f51ac0b4b329b180.jpg,22,824,831,198,217,0.4913
f51ac0b4b329b180.jpg,7,170,584,828,633,0.8541
f5276ae66816bd5d.jpg,26,528,642,104,47,0.3093
f5276ae66816bd5d.jpg,28,616,742,99,133,0.3125
f5276ae66816bd5d.jpg,26,378,864,103,137,0.3583
f5276ae66816bd5d.jpg,26,257,82,66,101,0.3644
f5276ae66816bd5d.jpg,28,826,780,84,180,0.5158
f5276ae66816bd5d.jpg,26,773,994,44,37,0.547
f5276ae66816bd5d.jpg,28,387,1016,99,115,0.6471
f5276ae66816bd5d.jpg,28,292,1123,157,135,0.8095
f5276ae66816bd5d.jpg,13,372,532,404,111,0.9233
f52e539f71633417.jpg,11,400,319,360,299,0.9857
f54223dc28338aea.jpg,3,480,296,349,209,0.8859
f55b3d9623815356.jpg,1,464,461,41,29,0.2546
f55b3d9623815356.jpg,22,667,339,338,285,0.3724
f55b3d9623815356.jpg,7,388,769,94,110,0.6839
f55b3d9623815356.jpg,7,433,1049,198,252,0.8422
f58a96cd5f84219e.jpg,12,505,332,528,237,0.9697
f58bfcbf93d379d3.jpg,27,361,425,187,202,0.3096
f58bfcbf93d379d3.jpg,24,0,1304,253,173,0.3373
f58bfcbf93d379d3.jpg,19,360,424,187,203,0.3441
f5d656da6170c3d9.jpg,26,156,1,249,136,0.4794
f5d656da6170c3d9.jpg,1,411,271,210,218,0.9108
f5dc1ec7f8416e2a.jpg,20,178,370,62,62,0.5901
f5e6bee738d79907.jpg,1,746,234,149,144,0.9151
f6123bda2ebf76eb.jpg,3,781,426,241,137,0.3881
f6123bda2ebf76eb.jpg,22,847,274,158,150,0.406
f6123bda2ebf76eb.jpg,19,533,941,122,122,0.4071
f6123bda2ebf76eb.jpg,28,257,293,635,607,0.9794
f616b9784f28ca1c.jpg,14,1995,297,671,1203,0.3225
f616b9784f28ca1c.jpg,14,1509,305,1160,1666,0.8393
f658331ec41af465.jpg,2,482,511,245,339,0.9747
f6873e9a62cd02f9.jpg,13,511,402,596,238,0.9584
f69b1ecf499f2a90.jpg,13,3363,1391,251,94,0.7648
f6b438f60b954646.jpg,15,3,90,1255,1014,0.7163
f6d1f7e6cee92703.jpg,16,310,665,268,279,0.9488
f6dae141b4b57fb0.jpg,26,0,0,132,227,0.3715
f6dae141b4b57fb0.jpg,29,119,181,985,476,0.6933
f6f5f7ecbfa82e23.jpg,28,1965,142,268,693,0.2834
f6f5f7ecbfa82e23.jpg,15,1250,1142,232,109,0.2956
f6f5f7ecbfa82e23.jpg,26,229,869,159,147,0.3027
f6f5f7ecbfa82e23.jpg,26,3715,1034,269,285,0.34
f6f5f7ecbfa82e23.jpg,26,1800,765,184,103,0.4241
f6f5f7ecbfa82e23.jpg,28,1642,305,159,126,0.4334
f6f5f7ecbfa82e23.jpg,26,2339,1291,253,155,0.5372
f6f5f7ecbfa82e23.jpg,28,2534,1090,450,349,0.7387
f6f5f7ecbfa82e23.jpg,28,1946,1690,494,430,0.8842
f6f5f7ecbfa82e23.jpg,28,1333,1375,1622,415,0.946
f72e6c2bd60164a2.jpg,19,556,425,553,544,0.9485
f751dd9900c52d0e.jpg,19,303,267,592,765,0.5936
f75822ce1a2a993f.jpg,5,283,384,105,390,0.7
f76122f0b3098356.jpg,19,532,448,67,52,0.2609
f76122f0b3098356.jpg,26,467,377,87,106,0.2681
f76122f0b3098356.jpg,10,646,443,19,32,0.3542
f76122f0b3098356.jpg,19,179,1248,178,88,0.6149
f76122f0b3098356.jpg,1,397,969,67,62,0.6876
f76122f0b3098356.jpg,12,772,515,148,127,0.7966
f793b938fd5af642.jpg,15,3026,1116,322,92,0.3017
f793b938fd5af642.jpg,15,1283,745,259,62,0.3086
f793b938fd5af642.jpg,14,851,484,2759,1767,0.3854
f793b938fd5af642.jpg,15,2818,617,369,102,0.4151
f7c2f6c4490ecb48.jpg,3,401,627,249,467,0.9056
f7ea921764515584.jpg,14,0,702,1114,406,0.3119
f7ec96c83f368f0a.jpg,19,139,391,432,433,0.4548
f7ec96c83f368f0a.jpg,26,139,391,432,433,0.479
f7f3466afbb4fb62.jpg,10,611,746,144,136,0.4104
f84c304f4bf6cbef.jpg,14,2,1008,2967,2792,0.3625
f84c304f4bf6cbef.jpg,28,727,2002,1574,2029,0.5303
f84c304f4bf6cbef.jpg,14,0,1003,1008,1247,0.534
f86c36e765f8115c.jpg,14,0,648,542,460,0.294
f86c36e765f8115c.jpg,24,799,378,194,236,0.9836
f886a2676005186e.jpg,26,444,1832,146,121,0.2963
f887706383578397.jpg,13,3224,2388,272,237,0.9431
f89106e11121f504.jpg,15,270,618,410,398,0.7496
f896a7c5023ac1bb.jpg,9,254,144,279,220,0.5346
f896a7c5023ac1bb.jpg,12,250,145,284,219,0.6351
f89f84f1ec44f977.jpg,21,337,633,247,238,0.9651
f8a2d19ba23c956a.jpg,5,490,217,283,529,0.3634
f91a862f5aacf215.jpg,13,356,37,344,1210,0.9187
f9362ca4ca106918.jpg,7,284,532,331,335,0.5059
f9362ca4ca106918.jpg,1,667,482,169,161,0.6664
f96a3aefe7d8092f.jpg,24,1318,1278,256,326,0.3205
f96a3aefe7d8092f.jpg,28,362,2147,448,684,0.4426
f96a3aefe7d8092f.jpg,22,559,2011,285,330,0.4712
f96a3aefe7d8092f.jpg,22,1348,933,480,595,0.7945
f96a3aefe7d8092f.jpg,22,1000,1582,210,308,0.8366
f96a3aefe7d8092f.jpg,22,1333,2329,461,422,0.8595
f96a3aefe7d8092f.jpg,22,1118,1934,458,406,0.8648
f96a3aefe7d8092f.jpg,22,1921,1911,621,695,0.9142
f9d3d6034478ff5b.jpg,13,696,0,353,672,0.9382
f9d40ad3a83253bc.jpg,7,593,10,293,704,0.958
f9f1821dd9be9aa9.jpg,7,371,293,176,195,0.4606
f9f1821dd9be9aa9.jpg,19,372,294,175,193,0.7187
fa23c7f74be54f54.jpg,6,377,155,648,447,0.3713
fa23c7f74be54f54.jpg,19,377,155,647,444,0.3717
fa261397effd6cbb.jpg,8,415,696,139,94,0.3256
fa261397effd6cbb.jpg,7,462,236,286,484,0.7986
fa261397effd6cbb.jpg,7,369,797,140,323,0.8078
fa553b87cc36f037.jpg,24,3,1017,542,410,0.3505
fa553b87cc36f037.jpg,24,582,1316,173,162,0.5566
fa553b87cc36f037.jpg,24,450,673,230,214,0.8428
fa63ffc8c5755440.jpg,10,643,700,111,269,0.9568
fa6f58e02f428ba2.jpg,11,1289,1458,171,158,0.8208
fa9506727f1d013d.jpg,14,267,1144,2529,2884,0.6229
fabd5d4f57caeba8.jpg,13,407,272,188,246,0.9757
fb4b234ddfc599f5.jpg,19,65,241,901,696,0.8511
fb7ec6610b76168b.jpg,22,380,372,335,491,0.7536
fbb1249c2dea144d.jpg,14,1155,631,2855,2384,0.4081
fbf865cd8406bc4b.jpg,26,325,156,77,53,0.3281
fbf865cd8406bc4b.jpg,26,288,800,93,36,0.4166
fbf865cd8406bc4b.jpg,22,546,524,192,158,0.506
fbf865cd8406bc4b.jpg,22,360,483,586,662,0.8886
fc28ec5d0de3da39.jpg,10,292,613,267,267,0.8975
fc2eaf94db51f0d4.jpg,8,263,546,597,447,0.8302
fc38b1fdcf8152fd.jpg,27,451,501,385,658,0.9501
fc43abe06deb7dad.jpg,19,226,320,132,133,0.9257
fc7a46bb2d73bd88.jpg,1,491,513,203,202,0.8488
fcf815630e053379.jpg,7,179,227,227,257,0.9336
fd2b5c3cd8e7a4b2.jpg,11,498,461,284,120,0.6886
fd4ec67720bc4bde.jpg,26,458,163,221,361,0.9463
fd79ca3c18090378.jpg,14,1,0,1279,960,0.9759
fd7f9d4bc5f75de0.jpg,27,260,168,381,674,0.8314
fda5c970692cbc62.jpg,26,530,993,133,114,0.3691
fda5c970692cbc62.jpg,4,214,252,779,682,0.6561
fda5c970692cbc62.jpg,22,1080,151,397,576,0.8737
fdab888297bbb0c8.jpg,12,474,328,165,304,0.691
fdab888297bbb0c8.jpg,12,616,252,132,192,0.9646
fde5184ca1a87a7c.jpg,26,228,248,152,233,0.5575
fde5184ca1a87a7c.jpg,5,1400,546,39,286,0.5875
fde5184ca1a87a7c.jpg,13,461,353,660,244,0.8894
fde882b300fa5d5e.jpg,6,208,484,467,245,0.9259
fdfe205b5a56b4b4.jpg,1,518,594,244,251,0.9315
fe02641a69b63084.jpg,13,285,292,48,99,0.3807
fe156bd919664f33.jpg,8,348,268,514,658,0.2821
fe8361d1f99b8b01.jpg,15,372,443,784,114,0.3032
fe8361d1f99b8b01.jpg,19,375,441,779,117,0.5992
feb4258c03ecb429.jpg,26,185,194,94,43,0.2937
feb4258c03ecb429.jpg,26,58,727,54,40,0.3047
feb4258c03ecb429.jpg,26,155,136,50,51,0.3546
feb4258c03ecb429.jpg,26,756,488,47,33,0.3558
feb4258c03ecb429.jpg,3,0,374,102,204,0.3746
feb4258c03ecb429.jpg,22,1070,506,217,91,0.4568
feb4258c03ecb429.jpg,3,0,225,159,155,0.4714
feb4258c03ecb429.jpg,26,66,327,85,55,0.5002
feb4258c03ecb429.jpg,3,932,340,334,193,0.5103
feb4258c03ecb429.jpg,26,116,289,225,115,0.5242
feb4258c03ecb429.jpg,26,524,164,344,151,0.5411
feb4258c03ecb429.jpg,26,953,462,90,37,0.5644
feb4258c03ecb429.jpg,15,1071,507,215,90,0.618
feb4258c03ecb429.jpg,26,1162,144,125,80,0.708
feb4258c03ecb429.jpg,28,1500,515,114,111,0.7113
fee267872c1a9000.jpg,14,317,411,390,924,0.6672
ff005884640e3ec0.jpg,10,681,486,55,42,0.289
ff102b0195ccf986.jpg,3,390,477,285,759,0.9055
ff45791cb4e396fb.jpg,14,144,5,1068,668,0.4501
ff45791cb4e396fb.jpg,7,0,568,288,152,0.8135
ff4f21f5f383137f.jpg,27,2780,1403,531,438,0.8784
ffb9040d6f0da355.jpg,8,192,239,581,634,0.7135
ffc65f6c9facf020.jpg,22,205,526,715,606,0.946
ffd4dda18e5e649f.jpg,19,203,40,395,424,0.4751
